id,service,category,category_en,question,question_en,answer,answer_en,is_popular,tags
FAQ-0002,寮内ネット,SIMサービス,SIM Service,自分の住んでいる学生寮で『寮内ネット』は利用できますか？,自分の住んでいる学生寮で『寮内ネット』は利用できますか？,"Sun-Netサービスが学生寮全体で導入されている場合ご利用いただけます。ご自身の学生寮のご利用可否についてはお手数ですが下記までお問合せください。
フリーダイヤル：0120-336-326
メールアドレス：sales@sunrise-net.co.jp","Sun-Netサービスが学生寮全体で導入されている場合ご利用いただけます。ご自身の学生寮のご利用可否についてはお手数ですが下記までお問合せください。
フリーダイヤル：0120-336-326
メールアドレス：sales@sunrise-net.co.jp",False,"お申込,SIMサービス"
FAQ-0003,,SIMサービス,SIM Service,1年間は寮にいる予定がありますが2年目に寮に住むか未定です。2年目はまた再契約になりますか？手続きはどのようにすればよいのでしょうか？,1年間は寮にいる予定がありますが2年目に寮に住むか未定です。2年目はまた再契約になりますか？手続きはどのようにすればよいのでしょうか？,契約期間に空白がなければ2年目以降は継続でのご案内となります。継続の際の手数料は発生致しません。契約期間に空白がある場合は再入会扱いとなります。,契約期間に空白がなければ2年目以降は継続でのご案内となります。継続の際の手数料は発生致しません。契約期間に空白がある場合は再入会扱いとなります。,False,"クレジットカード払い,SIMサービス"
FAQ-0004,,SIMサービス,SIM Service,部屋でネットが必要かまだわからないので、夏までの契約にしたいのですが可能ですか？,部屋でネットが必要かまだわからないので、夏までの契約にしたいのですが可能ですか？,1ヶ月単位でのご契約が可能です。ご都合のよい契約期間をお選びください。,1ヶ月単位でのご契約が可能です。ご都合のよい契約期間をお選びください。,False,"クレジットカード払い,SIMサービス"
FAQ-0005,,SIMサービス,SIM Service,退寮等でサービスを辞めたい場合、どのような手続きが必要ですか？,退寮等でサービスを辞めたい場合、どのような手続きが必要ですか？,"お引越し先では引き続き『Sun-Net光』のご利用（プラン変更）が可能です。※一部建物を除く
以下ページをご確認ください。
http://www.sunrise-net.ne.jp/sunnethikari.html
プラン変更をされない場合は解約はご解約月の前月末日までに弊社ホームページよりお手続きが必要です。お電話やメールによる解約受付は行っておりません。解約金として月額料金相当の解約金が発生いたしますのでご了承ください。","お引越し先では引き続き『Sun-Net光』のご利用（プラン変更）が可能です。※一部建物を除く
以下ページをご確認ください。
http://www.sunrise-net.ne.jp/sunnethikari.html
プラン変更をされない場合は解約はご解約月の前月末日までに弊社ホームページよりお手続きが必要です。お電話やメールによる解約受付は行っておりません。解約金として月額料金相当の解約金が発生いたしますのでご了承ください。",False,"変更手続き,SIMサービス"
FAQ-0006,,SIMサービス,SIM Service,ルーター購入プランで契約しておいて、途中からレンタルプランに変更することはできますか？,ルーター購入プランで契約しておいて、途中からレンタルプランに変更することはできますか？,はい、可能です。但し購入プランの方がレンタルプランに比べて月額料金の設定を低くしておりますので今後のご利用予定期間と比較しご検討ください。ご希望の際はプラン変更フォームよりお手続きをおねがいします。※別途無線ルーターの送料が発生いたします。,はい、可能です。但し購入プランの方がレンタルプランに比べて月額料金の設定を低くしておりますので今後のご利用予定期間と比較しご検討ください。ご希望の際はプラン変更フォームよりお手続きをおねがいします。※別途無線ルーターの送料が発生いたします。,False,"変更手続き,SIMサービス"
FAQ-0007,,SIMサービス,SIM Service,自分で購入した無線ルーターを利用することはできますか？,自分で購入した無線ルーターを利用することはできますか？,無線ルータのご使用に関してシステム運営上、一律弊社ルータに限らせて頂いており、無線ルーターを含むお持ち込み機器の利用はご遠慮頂いております。,無線ルータのご使用に関してシステム運営上、一律弊社ルータに限らせて頂いており、無線ルーターを含むお持ち込み機器の利用はご遠慮頂いております。,False,"無線ルーター,SIMサービス"
FAQ-0008,,SIM設定,SIM Settings,WiFiプラス/レンタルプランと購入プランの違いを教えてください。,WiFiプラス/レンタルプランと購入プランの違いを教えてください。,購入プランの方がレンタルプランに比べて月額利用料金を低く設定しています。継続して2年以上ご利用の予定がある場合は購入プランがおすすめです。尚、一部プランを除きいずれのプランにおいてもインターネット品質に大きな違いはありません。,購入プランの方がレンタルプランに比べて月額利用料金を低く設定しています。継続して2年以上ご利用の予定がある場合は購入プランがおすすめです。尚、一部プランを除きいずれのプランにおいてもインターネット品質に大きな違いはありません。,False,"無線ルーター,利用プラン,SIM設定"
FAQ-0009,,SIM設定,SIM Settings,MACアドレスはどのようなものですか？,MACアドレスはどのようなものですか？,"ネットワーク機器等に付いている固有の識別番号です。有線LANのほかに、無線LANやスマートフォン、プリンターなどにもMACアドレスが割り当てられています。
MACアドレスは12桁の16進数で「00-00-00-XX-XX-XX」と表される。前半6桁がメーカー固有のアドレスで、後半6桁が製品個々のアドレスとなります。物理アドレスやWiFiアドレス等と表示される場合があります。","ネットワーク機器等に付いている固有の識別番号です。有線LANのほかに、無線LANやスマートフォン、プリンターなどにもMACアドレスが割り当てられています。
MACアドレスは12桁の16進数で「00-00-00-XX-XX-XX」と表される。前半6桁がメーカー固有のアドレスで、後半6桁が製品個々のアドレスとなります。物理アドレスやWiFiアドレス等と表示される場合があります。",False,"MACアドレス,SIM設定"
FAQ-0010,,料金支払,Payment,有線LAN（有線接続）の意味を教えてください。,有線LAN（有線接続）の意味を教えてください。,LANケーブルを用いた接続方式です。一般的に無線接続に比べて通信や電波状況が安定しています。ご利用いただくにはLAN端子対応の機器及びMACアドレスの登録が必要です。未対応機器の場合有線LANアダプター（MACアドレスの登録が必要）を利用することにより接続が可能です。,LANケーブルを用いた接続方式です。一般的に無線接続に比べて通信や電波状況が安定しています。ご利用いただくにはLAN端子対応の機器及びMACアドレスの登録が必要です。未対応機器の場合有線LANアダプター（MACアドレスの登録が必要）を利用することにより接続が可能です。,False,"サービス内容,料金支払"
FAQ-0011,,料金支払,Payment,自身で購入した無線ルーターを利用することはできますか？,自身で購入した無線ルーターを利用することはできますか？,弊社システムの仕様上ご利用いただくことはできません。弊社から送られる指定の無線ルーターをご利用ください。,弊社システムの仕様上ご利用いただくことはできません。弊社から送られる指定の無線ルーターをご利用ください。,False,"無線ルーター,サービス内容,料金支払"
FAQ-0012,,料金支払,Payment,無線ルーターを買い替えたいのですが可能ですか？,無線ルーターを買い替えたいのですが可能ですか？,WiFiプラス購入プランご加入の場合は可能です。無線ルーター代金及び送料のご請求となります。,WiFiプラス購入プランご加入の場合は可能です。無線ルーター代金及び送料のご請求となります。,False,"無線ルーター,サービス内容,料金支払"
FAQ-0013,,料金支払,Payment,LANケーブルは必要ですか？,LANケーブルは必要ですか？,弊社からお送りする無線ルーターに付属のLANケーブルがついています。WiFi接続のみご利用の場合はご用意いただく必要はありません。有線LAN接続をご希望の場合や無線ルーターの設置場所を変更される場合はご用意ください。※弊社でもLANケーブルの販売を行っております。,弊社からお送りする無線ルーターに付属のLANケーブルがついています。WiFi接続のみご利用の場合はご用意いただく必要はありません。有線LAN接続をご希望の場合や無線ルーターの設置場所を変更される場合はご用意ください。※弊社でもLANケーブルの販売を行っております。,False,"LANケーブル,サービス内容,料金支払"
FAQ-0014,,料金支払,Payment,申込時点ではノートパソコンを持っていませんが申し込むことはできますか？,申込時点ではノートパソコンを持っていませんが申し込むことはできますか？,"はい。お申込は可能です。ノートパソコンが届きましたらMACアドレスをお調べいただき下記フォームよりMACアドレス申請をおねがいします。
https://sunrise-net-s.cms2.jp/contact_list/mac_application_add.html","はい。お申込は可能です。ノートパソコンが届きましたらMACアドレスをお調べいただき下記フォームよりMACアドレス申請をおねがいします。
https://sunrise-net-s.cms2.jp/contact_list/mac_application_add.html",False,"MACアドレス,お申込,料金支払"
FAQ-0015,,料金支払,Payment,WiFiアドレスをMACアドレスとして申請できますか？,WiFiアドレスをMACアドレスとして申請できますか？,はい。可能です。MACアドレスを物理アドレスやフィジカルアドレス（physical address）と呼ぶ場合もあります。又、端末によりMACアドレスの名称が異なる場合があります。IOSの場合はWiFiアドレス、Androidの場合はWiFiMACアドレスと表示されます。Windows製品とAPPLE製品でも名称が異なります。,はい。可能です。MACアドレスを物理アドレスやフィジカルアドレス（physical address）と呼ぶ場合もあります。又、端末によりMACアドレスの名称が異なる場合があります。IOSの場合はWiFiアドレス、Androidの場合はWiFiMACアドレスと表示されます。Windows製品とAPPLE製品でも名称が異なります。,False,"MACアドレス,料金支払"
FAQ-0016,,クレジットカード,Credit Card,レンタルしていた無線ルーターはいつまでに返却すればよいのでしょうか？,レンタルしていた無線ルーターはいつまでに返却すればよいのでしょうか？,ご契約終了後1週間以内までにお願いします。契約終了期間前にご退寮・お引越し等ございましたら事前にご返却ください。,ご契約終了後1週間以内までにお願いします。契約終了期間前にご退寮・お引越し等ございましたら事前にご返却ください。,False,"無線ルーター,レンタル品,クレジットカード"
FAQ-0017,,クレジットカード,Credit Card,無線ルーターの返却を忘れ、契約終了後1週間が経過しました。どうすればいいでしょうか？,無線ルーターの返却を忘れ、契約終了後1週間が経過しました。どうすればいいでしょうか？,まずは弊社までお問合せを頂きお早目にご返却ください。ご返却がない場合は無線ルーター相当額の弁償金の請求となりますのでご注意ください。,まずは弊社までお問合せを頂きお早目にご返却ください。ご返却がない場合は無線ルーター相当額の弁償金の請求となりますのでご注意ください。,False,"無線ルーター,レンタル品,クレジットカード"
FAQ-0018,,クレジットカード,Credit Card,無線ルーターの返却方法について教えてください。,無線ルーターの返却方法について教えてください。,"■ご返却先

株式会社 サンライズ
〒103-0004 東京都中央区東日本橋2-14-1　DKK東日本橋ビル4F

無線ルータの箱又は袋の中に弊社住所印字済みの伝票がございましたら
そちらをお使いください。

伝票がない場合はお手数ですがお近くのコンビニエンス等で返却いただきますようお願い致します。
（※伝票のいずれかに会員ID番号をお書きください）
ご返却時の送料はお客様負担となりますのでご了承ください。","■ご返却先

株式会社 サンライズ
〒103-0004 東京都中央区東日本橋2-14-1　DKK東日本橋ビル4F

無線ルータの箱又は袋の中に弊社住所印字済みの伝票がございましたら
そちらをお使いください。

伝票がない場合はお手数ですがお近くのコンビニエンス等で返却いただきますようお願い致します。
（※伝票のいずれかに会員ID番号をお書きください）
ご返却時の送料はお客様負担となりますのでご了承ください。",False,"無線ルーター,レンタル品,クレジットカード"
FAQ-0019,,カスタマーサポートと情報,Customer Support & Information,登録中の端末（MACアドレス）を忘れてしまいました。,登録中の端末（MACアドレス）を忘れてしまいました。,弊社カスタマーサポートまでお問合せください。,弊社カスタマーサポートまでお問合せください。,False,"MACアドレス,カスタマーサポートと情報"
FAQ-0020,,MACアドレス,,Iphoneを3台所有しています。登録することはできますか？,Iphoneを3台所有しています。登録することはできますか？,同系統端末の登録は2台までとなります。尚、契約者所有の端末のみ対象です。3台目以降の登録を希望される場合は別途誓約書をご提出いただきます。,同系統端末の登録は2台までとなります。尚、契約者所有の端末のみ対象です。3台目以降の登録を希望される場合は別途誓約書をご提出いただきます。,False,MACアドレス
FAQ-0021,,MACアドレス,,友人の端末でMACアドレスの登録を行いたいのですが可能ですか？,友人の端末でMACアドレスの登録を行いたいのですが可能ですか？,個人契約となり、ご利用は契約者が所有する端末に限ります。ご契約者以外の端末に関する登録及び利用はご遠慮いただいております。,個人契約となり、ご利用は契約者が所有する端末に限ります。ご契約者以外の端末に関する登録及び利用はご遠慮いただいております。,False,MACアドレス
FAQ-0022,,クレジットカード払い,Credit Card Payment,教育実習で2年目の夏は寮を離れますがどのようにするのがいいのでしょうか？,教育実習で2年目の夏は寮を離れますがどのようにするのがいいのでしょうか？,まずは1年間でお申込頂き、教育実習が決まるまでは最小単位でのご継続手続きをおすすめしております。尚、寮内ネットサービスに限り、大学公認での一時離寮で且つ弊社契約期間内に同じ寮に戻る予定がある場合は一時休止扱いが可能です。詳しくはカスタマーデスクまでお問合せください。,まずは1年間でお申込頂き、教育実習が決まるまでは最小単位でのご継続手続きをおすすめしております。尚、寮内ネットサービスに限り、大学公認での一時離寮で且つ弊社契約期間内に同じ寮に戻る予定がある場合は一時休止扱いが可能です。詳しくはカスタマーデスクまでお問合せください。,False,クレジットカード払い
FAQ-0023,,クレジットカード払い,Credit Card Payment,夏、冬、春休みと帰省することがあります。その期間の料金はどのような扱いになりますか？,夏、冬、春休みと帰省することがあります。その期間の料金はどのような扱いになりますか？,ご契約期間中となりますのでご利用料金として発生します。,ご契約期間中となりますのでご利用料金として発生します。,False,クレジットカード払い
FAQ-0024,,クレジットカード払い,Credit Card Payment,留学予定がありますが時期は未定です。どのように契約期間を定めればよいのでしょうか？,留学予定がありますが時期は未定です。どのように契約期間を定めればよいのでしょうか？,まずは短期契約期間にてお申込頂き、留学期間が決まるまでは最小単位でのご継続手続きをおすすめしております。尚、寮内ネットサービスに限り、大学公認の留学で且つ帰国後、弊社契約期間内に同じ寮に戻る予定がある場合は一時休止扱いが可能です。詳しくはカスタマーデスクまでお問合せください。,まずは短期契約期間にてお申込頂き、留学期間が決まるまでは最小単位でのご継続手続きをおすすめしております。尚、寮内ネットサービスに限り、大学公認の留学で且つ帰国後、弊社契約期間内に同じ寮に戻る予定がある場合は一時休止扱いが可能です。詳しくはカスタマーデスクまでお問合せください。,False,クレジットカード払い
FAQ-0025,,相部屋,Shared Room,相部屋になり、部屋には既にSun-Netの無線ルータが置いてありました。無線ルーターの返却は必要ですか？,相部屋になり、部屋には既にSun-Netの無線ルータが置いてありました。無線ルーターの返却は必要ですか？,ご契約中の方が同室にいるかご確認ください。無線ルーターは個人貸出となりますのでご契約者毎にそれぞれお使いください。その際分配に使用するHUBが必要な場合は弊社よりレンタル品としてお送りしますのでお問合せください。同室にご契約者がいない場合は、前契約者様がご返却されていない可能性がございますので、お手数ですが弊社までお問合せください。,ご契約中の方が同室にいるかご確認ください。無線ルーターは個人貸出となりますのでご契約者毎にそれぞれお使いください。その際分配に使用するHUBが必要な場合は弊社よりレンタル品としてお送りしますのでお問合せください。同室にご契約者がいない場合は、前契約者様がご返却されていない可能性がございますので、お手数ですが弊社までお問合せください。,False,相部屋
FAQ-0026,,相部屋,Shared Room,相部屋でHUBは誰が返却するのでしょうか？,相部屋でHUBは誰が返却するのでしょうか？,個人貸出となりますので、ご契約者様にてご返却ください。,個人貸出となりますので、ご契約者様にてご返却ください。,False,相部屋
FAQ-0027,,相部屋,Shared Room,相部屋で、無線ルータが2台あり、それぞれが契約者です。差込口が足りないのですがどうすればいいでしょうか？,相部屋で、無線ルータが2台あり、それぞれが契約者です。差込口が足りないのですがどうすればいいでしょうか？,分配に使用するHUBが必要な場合は弊社よりレンタル品としてお送りしますのでお問合せください。,分配に使用するHUBが必要な場合は弊社よりレンタル品としてお送りしますのでお問合せください。,False,相部屋
FAQ-0028,Sun-Net光,エリア判定,Area Check,引越し先の物件ではインターネットは必要なら自分で契約してくださいと言われました。Sun-Net光を利用することはできますか？,引越し先の物件ではインターネットは必要なら自分で契約してくださいと言われました。Sun-Net光を利用することはできますか？,お引越し先のご住所をお伺いの上、建物のインターネット設備状況や開通工事発生の有無や開通可能日をお調べすることができます。まずはお気軽に弊社までお問合せください。,お引越し先のご住所をお伺いの上、建物のインターネット設備状況や開通工事発生の有無や開通可能日をお調べすることができます。まずはお気軽に弊社までお問合せください。,False,エリア判定
FAQ-0029,,,,Sun-Net光の契約期間中に長期留学に行くことになりました。留学期間中サービスを停止することはできますか？,Sun-Net光の契約期間中に長期留学に行くことになりました。留学期間中サービスを停止することはできますか？,サービスの一時停止は可能ですが停止期間中においてもインターネット利用料金は発生します。Sun-Net光サービスお申込前に今後のご予定について弊社までご相談ください。,サービスの一時停止は可能ですが停止期間中においてもインターネット利用料金は発生します。Sun-Net光サービスお申込前に今後のご予定について弊社までご相談ください。,False,
FAQ-0030,,,,マンション管理会社よりインターネットを開通する際はオーナーの許可が必要と言われました。このような場合でも利用することはできますか？,マンション管理会社よりインターネットを開通する際はオーナーの許可が必要と言われました。このような場合でも利用することはできますか？,まずはお住まいのご住所にてシステム確認を行います。オーナー様への許可に関しては建物によりまちまちではありますが弊社で開通までのご連絡をとる場合もございますのでまずはお気軽にご相談ください。※建物の構造やオーナー様のご意向、NTTサービスの地域的な問題等によりご提供できない場合がございます。,まずはお住まいのご住所にてシステム確認を行います。オーナー様への許可に関しては建物によりまちまちではありますが弊社で開通までのご連絡をとる場合もございますのでまずはお気軽にご相談ください。※建物の構造やオーナー様のご意向、NTTサービスの地域的な問題等によりご提供できない場合がございます。,False,
FAQ-0031,,SIMサービス,SIM Service,現在、別の会社の光サービスを利用していますがSun-Net光に申込することはできますか？,現在、別の会社の光サービスを利用していますがSun-Net光に申込することはできますか？,"●NTT東、西日本が提供する光回線をご契約中の場合→転用手続きによりご利用が可能です。
●他社光コラボレーション事業者の光回線をご利用の場合→事業者変更手続きによりご利用が可能です。
※プロバイダ契約については上記手続きによる切替ができませんのでお客様ご自身で解約手続きを行っていただく必要があります。
※NTT東、西または光コラボレーション事業者が提供する光回線以外のサービスをご利用中の場合は、新規申込としてSun-Net光のご提供となります。","●NTT東、西日本が提供する光回線をご契約中の場合→転用手続きによりご利用が可能です。
●他社光コラボレーション事業者の光回線をご利用の場合→事業者変更手続きによりご利用が可能です。
※プロバイダ契約については上記手続きによる切替ができませんのでお客様ご自身で解約手続きを行っていただく必要があります。
※NTT東、西または光コラボレーション事業者が提供する光回線以外のサービスをご利用中の場合は、新規申込としてSun-Net光のご提供となります。",False,SIMサービス
FAQ-0032,,,,プロバイダ契約は必要ですか？,プロバイダ契約は必要ですか？,Sun-Net光は、回線契約とプロバイダ契約をセットにしたサービスですので別途プロバイダ契約を行う必要はありません。,Sun-Net光は、回線契約とプロバイダ契約をセットにしたサービスですので別途プロバイダ契約を行う必要はありません。,False,
FAQ-0033,,,,Sun-Net光契約期間中に引っ越すことになった場合、引越し先でもサービスの継続利用は可能ですか？,Sun-Net光契約期間中に引っ越すことになった場合、引越し先でもサービスの継続利用は可能ですか？,"NTT東西の提供エリアにより違いがあります。同一エリア内でのお引越しの場合は移転手続きを行うことで引き続きご利用可能です。
・光引越事務手数料・・・3,300円
・光引越時工事費用・・・4,950円
お引越し先の建物構造等によりご提供できない場合もありますのでご了承ください。
尚、NTT西エリアから東エリアへとエリアをまたぐお引越しの場合はご解約手続きおよび新規回線申込が必要です。詳細につきましてはお手数ですが下記までお問合せください。

フリーダイヤル：0120-336-326
メールアドレス：sales@sunrise-net.co.jp","NTT東西の提供エリアにより違いがあります。同一エリア内でのお引越しの場合は移転手続きを行うことで引き続きご利用可能です。
・光引越事務手数料・・・3,300円
・光引越時工事費用・・・4,950円
お引越し先の建物構造等によりご提供できない場合もありますのでご了承ください。
尚、NTT西エリアから東エリアへとエリアをまたぐお引越しの場合はご解約手続きおよび新規回線申込が必要です。詳細につきましてはお手数ですが下記までお問合せください。

フリーダイヤル：0120-336-326
メールアドレス：sales@sunrise-net.co.jp",False,
FAQ-0034,,Sun-Net光,Sun-Net Hikari,寮内ネットからSun-Net光への切り替えを検討しています。接続するためにはMACアドレスの申請は必要ですか？,寮内ネットからSun-Net光への切り替えを検討しています。接続するためにはMACアドレスの申請は必要ですか？,Sun-Net光サービスではMACアドレスの申請は必要ありません。ご利用においては個人所有端末等の制限なくご自由に接続可能です。,Sun-Net光サービスではMACアドレスの申請は必要ありません。ご利用においては個人所有端末等の制限なくご自由に接続可能です。,False,Sun-Net光
FAQ-0035,,Sun-Net光,Sun-Net Hikari,寮内ネットからSun-Net光への切り替えを検討しています。利用台数の制限はありますか？毎月の通信量の上限はありますか？,寮内ネットからSun-Net光への切り替えを検討しています。利用台数の制限はありますか？毎月の通信量の上限はありますか？,Sun-Net光では利用台数の制限はありません。但し一般的には同時にインターネット接続をする端末が多いほど速度は遅くなりますのでご注意ください。毎月の通信量上限は設けておらず使い放題のサービスです。,Sun-Net光では利用台数の制限はありません。但し一般的には同時にインターネット接続をする端末が多いほど速度は遅くなりますのでご注意ください。毎月の通信量上限は設けておらず使い放題のサービスです。,False,Sun-Net光
FAQ-0036,,接続の基本とトラブルシューティング,Basic Connection & Troubleshooting,寮内ネットからSun-Net光への切り替えを検討しています。いまレンタルの無線ルーターを利用していますが、そのまま利用することはできますか？,寮内ネットからSun-Net光への切り替えを検討しています。いまレンタルの無線ルーターを利用していますが、そのまま利用することはできますか？,毎月200円（税抜）/220円（税込）の料金にてレンタル可能です。尚、光回線ご利用にあたってはレンタル無線ルーターの初期化及び設定を行う必要があります。,毎月200円（税抜）/220円（税込）の料金にてレンタル可能です。尚、光回線ご利用にあたってはレンタル無線ルーターの初期化及び設定を行う必要があります。,False,"レンタル品,Sun-Net光,接続の基本とトラブルシューティング"
FAQ-0037,,Sun-Net光,Sun-Net Hikari,寮内ネットからSun-Net光への切り替えを検討しています。いまSun-Netで購入した無線ルーターを利用していますが、そのまま利用することはできますか？,寮内ネットからSun-Net光への切り替えを検討しています。いまSun-Netで購入した無線ルーターを利用していますが、そのまま利用することはできますか？,はい、ご利用可能です。光回線ご利用にあたっては無線ルーターの初期化及び設定を行う必要があります。,はい、ご利用可能です。光回線ご利用にあたっては無線ルーターの初期化及び設定を行う必要があります。,False,Sun-Net光
FAQ-0038,,Sun-Net光,Sun-Net Hikari,寮内ネットからSun-Net光への切り替えを検討しています。無線ルーターはSun-Net指定のものを利用しなければならないのでしょうか？,寮内ネットからSun-Net光への切り替えを検討しています。無線ルーターはSun-Net指定のものを利用しなければならないのでしょうか？,弊社指定無線ルーター以外のご利用も可能でございますが、設定についてはお客様ご自身で行っていただきます。無線ルーターの設定サポートについては弊社では対応できかねますので各メーカーにお問い合わせください。,弊社指定無線ルーター以外のご利用も可能でございますが、設定についてはお客様ご自身で行っていただきます。無線ルーターの設定サポートについては弊社では対応できかねますので各メーカーにお問い合わせください。,False,Sun-Net光
FAQ-0039,,,,無料インターネット付き物件に引っ越すことになりました。この場合はSun-Net光へ変更しないほうがいいですか？,無料インターネット付き物件に引っ越すことになりました。この場合はSun-Net光へ変更しないほうがいいですか？,建物の設備として高品質のインターネットが備わっているのであれば居室でのインターネット利用においては弊社サービスへの変更はおすすめいたしません。引越し先での生活がスタートした後、インターネットの速度等にご不満がありましたらSun-Net光への切り替えをおすすめいたします。,建物の設備として高品質のインターネットが備わっているのであれば居室でのインターネット利用においては弊社サービスへの変更はおすすめいたしません。引越し先での生活がスタートした後、インターネットの速度等にご不満がありましたらSun-Net光への切り替えをおすすめいたします。,False,
FAQ-0040,SIMカード,SIM設定,SIM Settings,解約したドコモのiphoneはつかえますか？,解約したドコモのiphoneはつかえますか？,ご利用いただけます。ただしNTT DOCOMOの端末ではテザリング機能を利用出来ない場合がありますのでご注意ください。,ご利用いただけます。ただしNTT DOCOMOの端末ではテザリング機能を利用出来ない場合がありますのでご注意ください。,False,SIM設定
FAQ-0041,,,,SIMカードを紛失しました。どうすればいいですか？,,"弊社まで必ずお問合せください。利用停止の処理を行います。
併せて警察機関へ紛失・盗難の届け出をお願いします。
SIMカード（端末等）を拾った第三者からの不正利用を防止する為お客さまご自身で端末ロックをお願いします。
なお、利用停止後にSIMカードを再発行します。停止中の月額料金についても請求対象です。※カードの再発行費用及び送料を別途請求します。",,,
FAQ-0042,,SIM設定,SIM Settings,SIMフリー端末と思っていましたが、そうではなかったのか利用できません。どうしたら良いでしょうか？,SIMフリー端末と思っていましたが、そうではなかったのか利用できません。どうしたら良いでしょうか？,お客様ご自身でロック解除の手続きをお願いします。,お客様ご自身でロック解除の手続きをお願いします。,False,SIM設定
FAQ-0043,,SIMサービス,SIM Service,寮内ネットもSIMサービスも使いたいです。それぞれ契約期間を指定することはできますか？支払いも別々にできますか？また各サービスを解約する際はどうすればいいですか？,寮内ネットもSIMサービスも使いたいです。それぞれ契約期間を指定することはできますか？支払いも別々にできますか？また各サービスを解約する際はどうすればいいですか？,2つのサービスの契約期間が異なる場合は各サービス毎にお申込ください。毎月払いでは複数サービスを合算したご請求となります。尚、中途解約の際はそれぞれのサービスにて1ヶ月前の連絡が必要です。,2つのサービスの契約期間が異なる場合は各サービス毎にお申込ください。毎月払いでは複数サービスを合算したご請求となります。尚、中途解約の際はそれぞれのサービスにて1ヶ月前の連絡が必要です。,False,SIMサービス
FAQ-0044,,SIMサービス,SIM Service,海外でSun-NetのSIMカードを使うことはできますか？,海外でSun-NetのSIMカードを使うことはできますか？,できません。日本国内のみのサービスです。,できません。日本国内のみのサービスです。,False,SIMサービス
FAQ-0045,,接続の基本とトラブルシューティング,Basic Connection & Troubleshooting,SIMカードの通信速度はどのくらいですか？通信制限はありますか？,SIMカードの通信速度はどのくらいですか？通信制限はありますか？,LTEベストエフォート下り150Mbps(上り50Mbps)になります。通信制限は1ヶ月制限になります。容量を超えた後は速度制限がかかり当月末までの通信速度が最大200kbpsまで低下します。,LTEベストエフォート下り150Mbps(上り50Mbps)になります。通信制限は1ヶ月制限になります。容量を超えた後は速度制限がかかり当月末までの通信速度が最大200kbpsまで低下します。,False,接続の基本とトラブルシューティング
FAQ-0046,,SMS,SMS,SMSは使えますか？送信数などに制限はありますか？,SMSは使えますか？送信数などに制限はありますか？,SMS機能付きSIMカード及び音声SIMカードは利用することはできます。データ通信のみのSIMカードではSMSは利用できません。一定回数・量以上の国内SMSは有料となる場合があります。また国際SMSに関する送信・受信についても一部有料となります。詳しくは希望するSIMプランの説明をご確認ください。,SMS機能付きSIMカード及び音声SIMカードは利用することはできます。データ通信のみのSIMカードではSMSは利用できません。一定回数・量以上の国内SMSは有料となる場合があります。また国際SMSに関する送信・受信についても一部有料となります。詳しくは希望するSIMプランの説明をご確認ください。,False,SMS
FAQ-0047,,SIMサービス,SIM Service,SIMカードのギガ数を変更したいのですがどのようにすればいいですか？,SIMカードのギガ数を変更したいのですがどのようにすればいいですか？,容量変更手数料として605円発生します。月に1度のみ変更が可能です。適用は変更希望月の翌月からとなります。※一部容量の変更ができないタイプのSIMプランもございます。,容量変更手数料として605円発生します。月に1度のみ変更が可能です。適用は変更希望月の翌月からとなります。※一部容量の変更ができないタイプのSIMプランもございます。,False,SIMサービス
FAQ-0048,,SIMサービス,SIM Service,SIMカードの容量超過後はインターネットは使えるのでしょうか？,SIMカードの容量超過後はインターネットは使えるのでしょうか？,速度が最大200kpbsまで落ちますがご利用は可能です。但し動画視聴など様々なコンテンツは快適にご利用いただけなくなります。,速度が最大200kpbsまで落ちますがご利用は可能です。但し動画視聴など様々なコンテンツは快適にご利用いただけなくなります。,False,SIMサービス
FAQ-0049,,SIM設定,SIM Settings,E-SIMのプランはありますか？,E-SIMのプランはありますか？,E-SIMによる提供プランはございません。E-SIMのみ利用可能な端末ではSun-NetのSIMカードを利用することはできません。,E-SIMによる提供プランはございません。E-SIMのみ利用可能な端末ではSun-NetのSIMカードを利用することはできません。,False,SIM設定
FAQ-0050,,SIMサービス,SIM Service,IPHONEを利用したいのですが、SIMロック端末かどうか確認する方法はありますか？,IPHONEを利用したいのですが、SIMロック端末かどうか確認する方法はありますか？,"■SIMロック解除状況の確認手段（IOS14以降）

?『設定』アイコン→『一般』→『情報』の順にタップ

?ページ中部の「SIMロック」欄を確認

“SIMロックなし“と表示されているか確認してください。

SIMロックと表示されている場合はSun-NetのSIMカードを利用することはできません。ご利用にあたってはご契約中の通信会社へのSIMロック解除申請が必要です。

また、SIMカード挿入後に表示されたメッセージで確認することができます。

「SIMがロックされています」
「アクティベーションが必要です」
「このiPhoneに挿入したSIMカードはサポートされていないようです。iPhoneをアクティベーションするには、サポートされている電話会社の互換性のあるSIMカードしか使用することはできません。」","■SIMロック解除状況の確認手段（IOS14以降）

?『設定』アイコン→『一般』→『情報』の順にタップ

?ページ中部の「SIMロック」欄を確認

“SIMロックなし“と表示されているか確認してください。

SIMロックと表示されている場合はSun-NetのSIMカードを利用することはできません。ご利用にあたってはご契約中の通信会社へのSIMロック解除申請が必要です。

また、SIMカード挿入後に表示されたメッセージで確認することができます。

「SIMがロックされています」
「アクティベーションが必要です」
「このiPhoneに挿入したSIMカードはサポートされていないようです。iPhoneをアクティベーションするには、サポートされている電話会社の互換性のあるSIMカードしか使用することはできません。」",False,SIMサービス
FAQ-0051,,SIMサービス,SIM Service,Androidのスマートフォンを利用したいのですが、SIMロック端末かどうか確認する方法はありますか？,Androidのスマートフォンを利用したいのですが、SIMロック端末かどうか確認する方法はありますか？,"Androidスマートフォンの場合、機種によってSIMロックが解除されているかを確認する方法はまちまちです。

『設定』『デバイス情報（端末情報）』『SIMカードステータス』『SIMロックステータス』

『許可されています』→ロックが解除されています。

上記の方法で、SIMロックステータスが確認できない場合は、ご購入の販売店やご契約の通信事業者にご確認ください。","Androidスマートフォンの場合、機種によってSIMロックが解除されているかを確認する方法はまちまちです。

『設定』『デバイス情報（端末情報）』『SIMカードステータス』『SIMロックステータス』

『許可されています』→ロックが解除されています。

上記の方法で、SIMロックステータスが確認できない場合は、ご購入の販売店やご契約の通信事業者にご確認ください。",False,SIMサービス
FAQ-0052,お支払い方法,,,利用料金の振込先を教えてください。,,"以下、いずれかの金融機関宛てにお願いします。
※お振込み時にご自身の会員ID番号をご入力ください。

1.ゆうちょ銀行（Japan Post Bank）
　口座記号番号　00150-3-611077
　加入者名	株式会社サンライズ

2.三菱UFJ銀行/0005（Mitsubishi UFJ bank）
　浅草橋支店/069（Asakusabashi Branch）
　普通預金
　口座番号　0912502
　口座名義　株式会社サンライズ

3.りそな銀行/0010（Resona bank）
　秋葉原支店/275（Akihabara Branch）
　普通預金
　口座番号　2069388
　口座名義　株式会社サンライズ",,,
FAQ-0053,,払込票払い,Payment Slip,払込取扱票にて指定された支払期日が過ぎてしまいました。支払い期日が過ぎた後はどのように支払えばよいのでしょうか？,払込取扱票にて指定された支払期日が過ぎてしまいました。支払い期日が過ぎた後はどのように支払えばよいのでしょうか？,期日が過ぎてもお支払いは可能です。但し督促料金が発生している場合は追加のお支払いが必要です。詳しくは弊社カスタマーサポートデスクまでお問い合わせください。,期日が過ぎてもお支払いは可能です。但し督促料金が発生している場合は追加のお支払いが必要です。詳しくは弊社カスタマーサポートデスクまでお問い合わせください。,False,払込票払い
FAQ-0054,,クレジットカード払い,Credit Card Payment,クレジットカード決済のメールはいつごろ届きますか？,クレジットカード決済のメールはいつごろ届きますか？,"お申込み情報到着後1週間以内に指定のメールアドレス宛に届きます。アクセス有効期限がありますので期限内の手続きをお願いします。期限切れの際は弊社までお問合せください。

クレジット支払手続きのメールは株式会社ゼウス（https://www.cardservice.co.jp/）のシステムを通じて配信されます。

●件名：[ZEUS]お支払手続きご案内メール
●差出人：mailinfo@cardservice.co.jp","お申込み情報到着後1週間以内に指定のメールアドレス宛に届きます。アクセス有効期限がありますので期限内の手続きをお願いします。期限切れの際は弊社までお問合せください。

クレジット支払手続きのメールは株式会社ゼウス（https://www.cardservice.co.jp/）のシステムを通じて配信されます。

●件名：[ZEUS]お支払手続きご案内メール
●差出人：mailinfo@cardservice.co.jp",False,クレジットカード払い
FAQ-0055,,クレジットカード,Credit Card,クレジットカードの領収書はもらえませんか？,クレジットカードの領収書はもらえませんか？,領収書の発行には対応しておりません。カード会社発行の明細にてご確認をお願いします。,領収書の発行には対応しておりません。カード会社発行の明細にてご確認をお願いします。,False,クレジットカード
FAQ-0056,,クレジットカード,Credit Card,途中から別のクレジットカードにしたい場合はどうすればいいですか？,途中から別のクレジットカードにしたい場合はどうすればいいですか？,再度こちらからクレジット情報を入力して頂くURLをメールでお送り致します。⇒info@sunrise-net.co.jpまでクレジットURL希望・名前をご記入の上メールをお願いします,再度こちらからクレジット情報を入力して頂くURLをメールでお送り致します。⇒info@sunrise-net.co.jpまでクレジットURL希望・名前をご記入の上メールをお願いします,False,クレジットカード
FAQ-0057,,クレジットカード,Credit Card,毎月のクレジットカード決済はいつ頃になりますか？,毎月のクレジットカード決済はいつ頃になりますか？,毎月10日前後です。但し決済システムによる都合や年末年始、GWなど長期休暇及び長期祝日の際は変更する場合がございますのでご了承ください。,毎月10日前後です。但し決済システムによる都合や年末年始、GWなど長期休暇及び長期祝日の際は変更する場合がございますのでご了承ください。,False,クレジットカード
FAQ-0058,,口座振替,Bank Transfer,引落ができなかったと通知と振込請求案内のメールが届きました。次回引落時に引落してもらえませんか？,引落ができなかったと通知と振込請求案内のメールが届きました。次回引落時に引落してもらえませんか？,再引き落とし（再振替）は受付しておりません。支払い期日までにお振込みいただくようおねがいします。,再引き落とし（再振替）は受付しておりません。支払い期日までにお振込みいただくようおねがいします。,False,口座振替
FAQ-0059,,口座振替,Bank Transfer,毎月の銀行引落しはいつですか？,毎月の銀行引落しはいつですか？,毎月28日です。28日が土・日や祝日の際は翌金融機関営業日が引落日となります。前営業日までに引落金額以上の口座残高となるようご留意ください。,毎月28日です。28日が土・日や祝日の際は翌金融機関営業日が引落日となります。前営業日までに引落金額以上の口座残高となるようご留意ください。,False,口座振替
FAQ-0060,,料金支払,Payment,料金支払は親に任せたいのですが、どのようにすればよいのでしょうか？,料金支払は親に任せたいのですが、どのようにすればよいのでしょうか？,お申込時に実家請求希望欄にチェックをお願い致します。,お申込時に実家請求希望欄にチェックをお願い致します。,False,料金支払
FAQ-0061,,料金支払,Payment,コンビニエンスストアで支払う事はできますか？,コンビニエンスストアで支払う事はできますか？,コンビニエンスストアでのお支払いには対応しておりません。コンビニエンスストア設置のATMからのお支払い操作をおねがいします。,コンビニエンスストアでのお支払いには対応しておりません。コンビニエンスストア設置のATMからのお支払い操作をおねがいします。,False,料金支払
FAQ-0062,,変更手続き,Change Procedures,契約者以外の銀行口座を引落口座として登録することはできますか？,契約者以外の銀行口座を引落口座として登録することはできますか？,はい。親権者又は代理人の口座であれば可能でございます。口座振替依頼書下部に契約者情報を記入の上お手続きください。,はい。親権者又は代理人の口座であれば可能でございます。口座振替依頼書下部に契約者情報を記入の上お手続きください。,False,変更手続き
FAQ-0063,,料金支払,Payment,契約者以外のクレジットカードでの支払いは可能ですか？,契約者以外のクレジットカードでの支払いは可能ですか？,はい。親権者又は代理人のクレジットカードであれば可能でございます。,はい。親権者又は代理人のクレジットカードであれば可能でございます。,False,料金支払
FAQ-0064,,,,引落口座について日本国外の銀行を指定することはできますか？,引落口座について日本国外の銀行を指定することはできますか？,いいえ。指定することができません。日本国内の金融機関の口座をご指定ください。,いいえ。指定することができません。日本国内の金融機関の口座をご指定ください。,False,
FAQ-0065,,,,利用できるクレジットカードについて教えてください。,利用できるクレジットカードについて教えてください。,Visa、Mastercard、JCB、American Express、Diners Clubの国際ブランドに対応しています。,Visa、Mastercard、JCB、American Express、Diners Clubの国際ブランドに対応しています。,False,
FAQ-0066,,,,デビット機能付きクレジットカードは利用できますか？,デビット機能付きクレジットカードは利用できますか？,カード発行会社や諸条件によりお使いいただけない場合がございます。詳しくはお客様のカード発行会社までお尋ねください。,カード発行会社や諸条件によりお使いいただけない場合がございます。詳しくはお客様のカード発行会社までお尋ねください。,False,
FAQ-0067,,払込票払い,Payment Slip,払込取扱票での支払い方法を教えてください。,払込取扱票での支払い方法を教えてください。,"＜ゆうちょ銀行ATMでの方法＞

---払込取扱票での送金の場合---
1.「ご送金」を選択します。
2.「払込書でのご送金」を選択します。
3.「払込書」を入れます。払込書に住所氏名、会員IDをご記入の上、払込書を入れてください。

---ゆうちょ口座間での送金の場合---
1.「ゆうちょ口座へのご送金」を選択します。
2.「通帳、またはカード」を入れます。
3.「記号番号」を選択します。
4. 記号に「00150-3」を入力します。
5. 番号に「611077」を入力します。
6. 金額を入力してください。
7. 最後に確認を押せば手続きは完了します。","＜ゆうちょ銀行ATMでの方法＞

---払込取扱票での送金の場合---
1.「ご送金」を選択します。
2.「払込書でのご送金」を選択します。
3.「払込書」を入れます。払込書に住所氏名、会員IDをご記入の上、払込書を入れてください。

---ゆうちょ口座間での送金の場合---
1.「ゆうちょ口座へのご送金」を選択します。
2.「通帳、またはカード」を入れます。
3.「記号番号」を選択します。
4. 記号に「00150-3」を入力します。
5. 番号に「611077」を入力します。
6. 金額を入力してください。
7. 最後に確認を押せば手続きは完了します。",False,払込票払い
FAQ-0068,,口座振替,Bank Transfer,口座開設時に印鑑を必要としないネット銀行を登録する場合、口座振替依頼書の捺印はどうしたらいいですか？,口座開設時に印鑑を必要としないネット銀行を登録する場合、口座振替依頼書の捺印はどうしたらいいですか？,口座開設時にサインを必要としたネット銀行の場合は捺印欄にサインをおねがいします。捺印・サインなしで口座開設された場合は不要です。詳しくはネット銀行側にお問合せください。,口座開設時にサインを必要としたネット銀行の場合は捺印欄にサインをおねがいします。捺印・サインなしで口座開設された場合は不要です。詳しくはネット銀行側にお問合せください。,False,口座振替
FAQ-0069,,口座振替,Bank Transfer,口座振替依頼書の手続きをしても内容に不備があり再提出の通知が届きます。どのようにすればよいのでしょうか？,口座振替依頼書の手続きをしても内容に不備があり再提出の通知が届きます。どのようにすればよいのでしょうか？,"再提出のご案内書類にて不備理由が明記されています。よくある不備内容は以下の項目です。

・お届け印のもれ、相違、不鮮明
・他人名義口座記入
・預金者名の字体相違、フリガナもれ
・金融機関名・支店名・口座番号の相違
・口座番号不明瞭
・インターネットバンキング手続きの登録未完了

※記入内容を間違えた場合は、二重線で訂正を入れお届け印を押してください。
※ご印鑑は鮮明に確認がとれる状態に押印ください。不鮮明（にじみ、かすみ等）であれば枠外に追加で押印ください。","再提出のご案内書類にて不備理由が明記されています。よくある不備内容は以下の項目です。

・お届け印のもれ、相違、不鮮明
・他人名義口座記入
・預金者名の字体相違、フリガナもれ
・金融機関名・支店名・口座番号の相違
・口座番号不明瞭
・インターネットバンキング手続きの登録未完了

※記入内容を間違えた場合は、二重線で訂正を入れお届け印を押してください。
※ご印鑑は鮮明に確認がとれる状態に押印ください。不鮮明（にじみ、かすみ等）であれば枠外に追加で押印ください。",False,口座振替
FAQ-0070,,口座振替,Bank Transfer,口座振替依頼書を紛失してしまいました。どうすればいいでしょうか？,口座振替依頼書を紛失してしまいました。どうすればいいでしょうか？,"Sun-NetHP内の『お申込・各種お手続き』ページ内の『【会員様向け】口座振替依頼書ダウンロード』をご利用ください。
http://www.sunrise-net.ne.jp/contact_list.html
印刷し、必要事項に記入・捺印の上、お客様保管用の複写を取った上で弊社までご郵送ください。
郵送での発送をご希望の場合は書類再送費用として220円をご請求いたします。郵送希望のお客様は下記メールアドレス宛に、お問合せください。
info@sunrise-net.co.jp　","Sun-NetHP内の『お申込・各種お手続き』ページ内の『【会員様向け】口座振替依頼書ダウンロード』をご利用ください。
http://www.sunrise-net.ne.jp/contact_list.html
印刷し、必要事項に記入・捺印の上、お客様保管用の複写を取った上で弊社までご郵送ください。
郵送での発送をご希望の場合は書類再送費用として220円をご請求いたします。郵送希望のお客様は下記メールアドレス宛に、お問合せください。
info@sunrise-net.co.jp　",False,口座振替
FAQ-0071,各種申請手続き,,,携帯番号やメールアドレスが変更になった場合はどうすればよいですか？,,各種お手続きページ内の『変更申請（お客様情報/契約プラン）』よりお手続きをお願いします。https://sunrise-net-s.cms2.jp/contact_list/alteration.html,,,変更手続き
FAQ-0072,,変更手続き,Change Procedures,途中で部屋が変わるかもしれませんが、どうすればよいのでしょうか？,途中で部屋が変わるかもしれませんが、どうすればよいのでしょうか？,"下記『お部屋番号変更フォーム』よりお手続きをお願いします。
https://sunrise-net-s.cms2.jp/changeroom.html","下記『お部屋番号変更フォーム』よりお手続きをお願いします。
https://sunrise-net-s.cms2.jp/changeroom.html",False,変更手続き
FAQ-0073,,,,会員IDを忘れてしまいました。,会員IDを忘れてしまいました。,弊社カスタマーサポートまでお問合せください。,弊社カスタマーサポートまでお問合せください。,False,
FAQ-0074,トラブルシューティング/寮内ネット,トラブルシューティング,Troubleshooting,スマホのWiFiがつかえません。,スマホのWiFiがつかえません。,"【iPhoneの場合】
”プライベートアドレス設定”を「オフ」してください。
※プライベートアドレス設定が
不明な場合は下記サイトを参考にしてください。
https://support.apple.com/ja-jp/guide/iphone/iph6b324bb33/ios

【android端末の場合】
※android10に関してですが、初期設定でMACアドレスが1つのアドレスに固定されていない設定になっております。
インターネットに接続するためには、固定MACアドレスに設定していただく必要がございますので、
以下の手順で設定をお願いいたします。

1）「設定」をタップ
2）「ネットワークとインターネット」をタップ
3）「WI-FI」をタップ
4）現在使用しているWIFIをタップ
5）「詳細設定」をタップ
6）「プライバシー」をタップ
7）”ランダムなMACを使用する”から、”デバイスのMACを使用する”に変更
8）「保存」をタップ","【iPhoneの場合】
”プライベートアドレス設定”を「オフ」してください。
※プライベートアドレス設定が
不明な場合は下記サイトを参考にしてください。
https://support.apple.com/ja-jp/guide/iphone/iph6b324bb33/ios

【android端末の場合】
※android10に関してですが、初期設定でMACアドレスが1つのアドレスに固定されていない設定になっております。
インターネットに接続するためには、固定MACアドレスに設定していただく必要がございますので、
以下の手順で設定をお願いいたします。

1）「設定」をタップ
2）「ネットワークとインターネット」をタップ
3）「WI-FI」をタップ
4）現在使用しているWIFIをタップ
5）「詳細設定」をタップ
6）「プライバシー」をタップ
7）”ランダムなMACを使用する”から、”デバイスのMACを使用する”に変更
8）「保存」をタップ",False,トラブルシューティング
FAQ-0075,,,,WindowsのパソコンのWiFiが使えません。,WindowsのパソコンのWiFiが使えません。,"弊社のインターネットに接続するためには、固定MACアドレスに設定していただく必要がございます。 
以下の手順で設定をお願いいたします。

1）「設定」　をクリック
2）「ネットワークとインターネット」　をクリック
3）「WI-FI」　をクリック
4）「ランダムなハードウェアアドレスを使う」をスイッチをクリックし、オフにします。","弊社のインターネットに接続するためには、固定MACアドレスに設定していただく必要がございます。 
以下の手順で設定をお願いいたします。

1）「設定」　をクリック
2）「ネットワークとインターネット」　をクリック
3）「WI-FI」　をクリック
4）「ランダムなハードウェアアドレスを使う」をスイッチをクリックし、オフにします。",False,
FAQ-0076,,無線ルーター|LANケーブル|MACアドレス|契約期間|寮内ネット,Router|Cable|MAC|Contract|Dorm Net,インターネットがつながらない場合、まず最初に確認すべきことは何ですか？,インターネットがつながらない場合、まず最初に確認すべきことは何ですか？,"1)契約期間内ですか？ご契約期間終了後はインターネットの利用ができません。
2)端末のMACアドレスの申請はお済ですか？申請がない場合インターネットのご利用はできません。
3)無線ルーターは正しく設置されていますか？LANケーブルがしっかり刺さっているかどうか確認しましょう。","1)契約期間内ですか？ご契約期間終了後はインターネットの利用ができません。
2)端末のMACアドレスの申請はお済ですか？申請がない場合インターネットのご利用はできません。
3)無線ルーターは正しく設置されていますか？LANケーブルがしっかり刺さっているかどうか確認しましょう。",False,"無線ルーター,LANケーブル,MACアドレス,契約期間,寮内ネット,無線ルーター|LANケーブル|MACアドレス|契約期間|寮内ネット"
FAQ-0077,トラブルシューティング/SIMカード,,,APN設定ができない場合はどうすればいいでしょうか？,,"ご入力時の不要なスペースや大文字・小文字の入力違いはございませんか？今一度ご確認をおねがいします。
http://www.sunrise-net.ne.jp/service/simapnsettings.html
解決しない場合は弊社カスタマーデスクまでお問合せください。",,,SIM設定
FAQ-0078,,,,SIMカードを破損してしまった。どうすればいいでしょうか？,,再発行になりますので、新たに発行費用と送料が必要です。,,,
FAQ-0079,トラブルシューティング/Sun-Net光,,,,,,,,
FAQ-0080,トラブルシューティング/Sun-Netモバイル,,,,,,,,
FAQ-0081,参考/MACアドレス表示方法,MACアドレス|寮内ネット|iphone|ipad,MAC|Dorm Net|iPhone|iPad,【ios】iphone/ipad,【ios】iphone/ipad,"1. ホーム画面で「設定」アプリを開きます。
2. 「一般」をタップします。
3. 「情報」を選択します。
4. 「Wi-Fiアドレス」の横に表示されている値が、iPhoneの物理アドレス（MACアドレス）です。","1. ホーム画面で「設定」アプリを開きます。
2. 「一般」をタップします。
3. 「情報」を選択します。
4. 「Wi-Fiアドレス」の横に表示されている値が、iPhoneの物理アドレス（MACアドレス）です。",False,"MACアドレス,寮内ネット,iphone,ipad,MACアドレス|寮内ネット|iphone|ipad"
FAQ-0082,,MACアドレス|寮内ネット|Android,MAC|Dorm Net|Android,Android OS,Android OS,"※AndroidはOSのバージョンやメーカーよって表示手順が異なります。詳しくはインターネット検索にてお調べください
1.端末のWiFiを「有効」にします。
2. ホーム画面で「設定」アプリを開きます。
3. 「端末情報」を選択します。
4. 「端末の状態」をタップします。
5. 「WiFi-MACアドレス」が、Androidデバイスの物理アドレス（MACアドレス）です。","※AndroidはOSのバージョンやメーカーよって表示手順が異なります。詳しくはインターネット検索にてお調べください
1.端末のWiFiを「有効」にします。
2. ホーム画面で「設定」アプリを開きます。
3. 「端末情報」を選択します。
4. 「端末の状態」をタップします。
5. 「WiFi-MACアドレス」が、Androidデバイスの物理アドレス（MACアドレス）です。",False,"MACアドレス,寮内ネット,Android,MACアドレス|寮内ネット|Android"
FAQ-0083,,,,無題のコンテンツ,無題のコンテンツ,,,False,
FAQ-0084,各種APN設定情報/SIMカード,,,,,,,,
FAQANOTHER-0002,,,,1年間は寮にいる予定がありますが2年目に寮に住むか未定です。再契約になりますか？,1年間は寮にいる予定がありますが2年目に寮に住むか未定です。再契約になりますか？,,,False,
FAQANOTHER-0003,,,,夏までの契約にしたいのですが可能ですか？,夏までの契約にしたいのですが可能ですか？,,,False,
FAQANOTHER-0004,,,,引越し先の物件でインターネットは必要なら自分で契約するように言われました。利用できますか？,引越し先の物件でインターネットは必要なら自分で契約するように言われました。利用できますか？,,,False,
FAQANOTHER-0005,,,,長期留学中サービスを停止することはできますか？,長期留学中サービスを停止することはできますか？,,,False,
FAQANOTHER-0006,,,,解約したドコモのiPhoneは使えますか？,解約したドコモのiPhoneは使えますか？,,,False,
FAQANOTHER-0007,,SIMサービス,SIM Service,SIMカードを紛失しました。どうすればいいですか？,SIMカードを紛失しました。どうすればいいですか？,"弊社まで必ずお問合せください。利用停止の処理を行います。
併せて警察機関へ紛失・盗難の届け出をお願いします。
SIMカード（端末等）を拾った第三者からの不正利用を防止する為お客さまご自身で端末ロックをお願いします。
なお、利用停止後にSIMカードを再発行します。停止中の月額料金についても請求対象です。※カードの再発行費用及び送料を別途請求します。","弊社まで必ずお問合せください。利用停止の処理を行います。
併せて警察機関へ紛失・盗難の届け出をお願いします。
SIMカード（端末等）を拾った第三者からの不正利用を防止する為お客さまご自身で端末ロックをお願いします。
なお、利用停止後にSIMカードを再発行します。停止中の月額料金についても請求対象です。※カードの再発行費用及び送料を別途請求します。",False,SIMサービス
FAQANOTHER-0008,,料金支払,Payment,利用料金の振込先を教えてください。,利用料金の振込先を教えてください。,"以下、いずれかの金融機関宛てにお願いします。
※お振込み時にご自身の会員ID番号をご入力ください。

1.ゆうちょ銀行（Japan Post Bank）
　口座記号番号　00150-3-611077
　加入者名	株式会社サンライズ

2.三菱UFJ銀行/0005（Mitsubishi UFJ bank）
　浅草橋支店/069（Asakusabashi Branch）
　普通預金
　口座番号　0912502
　口座名義　株式会社サンライズ

3.りそな銀行/0010（Resona bank）
　秋葉原支店/275（Akihabara Branch）
　普通預金
　口座番号　2069388
　口座名義　株式会社サンライズ","以下、いずれかの金融機関宛てにお願いします。
※お振込み時にご自身の会員ID番号をご入力ください。

1.ゆうちょ銀行（Japan Post Bank）
　口座記号番号　00150-3-611077
　加入者名	株式会社サンライズ

2.三菱UFJ銀行/0005（Mitsubishi UFJ bank）
　浅草橋支店/069（Asakusabashi Branch）
　普通預金
　口座番号　0912502
　口座名義　株式会社サンライズ

3.りそな銀行/0010（Resona bank）
　秋葉原支店/275（Akihabara Branch）
　普通預金
　口座番号　2069388
　口座名義　株式会社サンライズ",False,料金支払
FAQANOTHER-0009,,,,支払期日が過ぎた後はどうすればよいですか？,支払期日が過ぎた後はどうすればよいですか？,,,False,
FAQANOTHER-0010,,変更手続き,Change Procedures,携帯番号やメールアドレスが変更になった場合はどうすればよいですか？,携帯番号やメールアドレスが変更になった場合はどうすればよいですか？,各種お手続きページ内の『変更申請（お客様情報/契約プラン）』よりお手続きをお願いします。https://sunrise-net-s.cms2.jp/contact_list/alteration.html,各種お手続きページ内の『変更申請（お客様情報/契約プラン）』よりお手続きをお願いします。https://sunrise-net-s.cms2.jp/contact_list/alteration.html,False,変更手続き
FAQANOTHER-0011,,,,途中で部屋が変わるかもしれませんが、どうすればよいでしょうか？,途中で部屋が変わるかもしれませんが、どうすればよいでしょうか？,,,False,
FAQANOTHER-0012,,,,スマホのWiFiが使えません。,スマホのWiFiが使えません。,,,False,
FAQANOTHER-0013,,,,パソコンのWiFiが使えません。,パソコンのWiFiが使えません。,,,False,
FAQANOTHER-0014,,SIM設定,SIM Settings,APN設定ができない場合はどうすればいいでしょうか？,APN設定ができない場合はどうすればいいでしょうか？,"ご入力時の不要なスペースや大文字・小文字の入力違いはございませんか？今一度ご確認をおねがいします。
http://www.sunrise-net.ne.jp/service/simapnsettings.html
解決しない場合は弊社カスタマーデスクまでお問合せください。","ご入力時の不要なスペースや大文字・小文字の入力違いはございませんか？今一度ご確認をおねがいします。
http://www.sunrise-net.ne.jp/service/simapnsettings.html
解決しない場合は弊社カスタマーデスクまでお問合せください。",False,SIM設定
FAQANOTHER-0015,,SIMサービス,SIM Service,SIMカードを破損してしまった。どうすればいいでしょうか？,SIMカードを破損してしまった。どうすればいいでしょうか？,再発行になりますので、新たに発行費用と送料が必要です。,再発行になりますので、新たに発行費用と送料が必要です。,False,SIMサービス
FAQANOTHER-0016,,,,iPhone/iPadのMACアドレスはどこで確認できますか？,iPhone/iPadのMACアドレスはどこで確認できますか？,,,False,
FAQANOTHER-0017,,,,Android OSのMACアドレスはどこで確認できますか？,Android OSのMACアドレスはどこで確認できますか？,,,False,
FAQSIM-0016,SIM,,,eSIMと物理SIMの違いは何ですか？,eSIMと物理SIMの違いは何ですか？,物理SIMは、スマートフォンに直接挿入して使用するプラスチック製のICカードです。一方、eSIMは、スマートフォン本体に予め埋め込まれたSIMで、オンラインで契約情報を書き換えることで利用を開始できます。SIMカードの到着を待つ必要がないのが大きな特長です。,物理SIMは、スマートフォンに直接挿入して使用するプラスチック製のICカードです。一方、eSIMは、スマートフォン本体に予め埋め込まれたSIMで、オンラインで契約情報を書き換えることで利用を開始できます。SIMカードの到着を待つ必要がないのが大きな特長です。,False,
FAQSIM-0017,SIM,,,どちらのSIMを選べばよいですか？,どちらのSIMを選べばよいですか？,すぐに利用を開始したい方、SIMカードの抜き差しをしたくない方、デュアルSIM（1台のスマホで2つの回線を使う）を利用したい方にはeSIMがおすすめです。SIMカードを入れ替えて複数の端末で利用したい方や、お使いの端末がeSIMに対応していない場合は、物理SIMをお選びください。,すぐに利用を開始したい方、SIMカードの抜き差しをしたくない方、デュアルSIM（1台のスマホで2つの回線を使う）を利用したい方にはeSIMがおすすめです。SIMカードを入れ替えて複数の端末で利用したい方や、お使いの端末がeSIMに対応していない場合は、物理SIMをお選びください。,False,
FAQSIM-0018,SIM,,,利用料金やプランに違いはありますか？,利用料金やプランに違いはありますか？,いいえ、eSIMと物理SIMでご利用いただける料金プランや、通信速度・品質に違いはございません。お客様のご利用スタイルに合わせてお選びいただけます。,いいえ、eSIMと物理SIMでご利用いただける料金プランや、通信速度・品質に違いはございません。お客様のご利用スタイルに合わせてお選びいただけます。,False,
FAQSIM-0019,SIM,,,自分のスマートフォンがeSIMに対応しているか確認する方法は？,自分のスマートフォンがeSIMに対応しているか確認する方法は？,iPhoneの場合は、「設定」>「モバイル通信」と進み、「eSIMを追加」という項目があれば対応しています。Androidの場合は、「設定」>「ネットワークとインターネット」>「SIM」と進み、「SIMをダウンロードしますか？」といった選択肢があれば対応しています。詳細は各メーカーの公式サイトでもご確認いただけます。,iPhoneの場合は、「設定」>「モバイル通信」と進み、「eSIMを追加」という項目があれば対応しています。Androidの場合は、「設定」>「ネットワークとインターネット」>「SIM」と進み、「SIMをダウンロードしますか？」といった選択肢があれば対応しています。詳細は各メーカーの公式サイトでもご確認いただけます。,False,
FAQSIM-0020,SIM,,,SIMロックされている端末でも利用できますか？,SIMロックされている端末でも利用できますか？,いいえ、SIMロックされている端末ではご利用いただけません。事前にご利用の携帯電話会社でSIMロックの解除手続きを行ってください。,いいえ、SIMロックされている端末ではご利用いただけません。事前にご利用の携帯電話会社でSIMロックの解除手続きを行ってください。,False,
FAQSIM-0021,SIM,,,eSIMの申し込みから開通までの流れを教えてください。,eSIMの申し込みから開通までの流れを教えてください。,①当社ウェブサイトからお申し込み ②本人確認書類のアップロード ③審査完了後、メールでeSIMプロファイルダウンロード用のQRコードを受領 ④スマートフォンでQRコードを読み取り、設定完了。最短でお申し込み当日からご利用いただけます。,①当社ウェブサイトからお申し込み ②本人確認書類のアップロード ③審査完了後、メールでeSIMプロファイルダウンロード用のQRコードを受領 ④スマートフォンでQRコードを読み取り、設定完了。最短でお申し込み当日からご利用いただけます。,False,
FAQSIM-0022,SIM,,,物理SIMは申し込みから何日で届きますか？,物理SIMは申し込みから何日で届きますか？,本人確認完了後、通常2〜3営業日で発送いたします。お届け先地域や交通事情により、到着までにかかる日数は異なります。SIMカードが届きましたら、スマートフォンに挿入して開通設定を行ってください。,本人確認完了後、通常2〜3営業日で発送いたします。お届け先地域や交通事情により、到着までにかかる日数は異なります。SIMカードが届きましたら、スマートフォンに挿入して開通設定を行ってください。,False,
FAQSIM-0023,SIM,,,機種変更する際はどうすればよいですか？,機種変更する際はどうすればよいですか？,新しいスマートフォンでeSIMを再発行する必要があります。会員ページよりeSIMの再発行手続きを行ってください。手続き完了後、新しい端末でeSIMプロファイルを再度ダウンロードして設定します。古い端末のeSIMプロファイルは削除してください。,新しいスマートフォンでeSIMを再発行する必要があります。会員ページよりeSIMの再発行手続きを行ってください。手続き完了後、新しい端末でeSIMプロファイルを再度ダウンロードして設定します。古い端末のeSIMプロファイルは削除してください。,False,
FAQSIM-0024,SIM,,,誤ってeSIMプロファイルを削除してしまいました。,誤ってeSIMプロファイルを削除してしまいました。,会員ページよりeSIMの再発行手続きが必要です。再発行には手数料がかかる場合がございますので、ご注意ください。,会員ページよりeSIMの再発行手続きが必要です。再発行には手数料がかかる場合がございますので、ご注意ください。,False,
FAQSIM-0025,SIM,,,デュアルSIMとは何ですか？,デュアルSIMとは何ですか？,1台のスマートフォンで、2つの異なる電話番号や料金プランを使い分けることができる機能です。例えば、「物理SIMを通話用、eSIMをデータ通信用」といった組み合わせや、「国内用SIMと海外用SIM」の併用が可能です。,1台のスマートフォンで、2つの異なる電話番号や料金プランを使い分けることができる機能です。例えば、「物理SIMを通話用、eSIMをデータ通信用」といった組み合わせや、「国内用SIMと海外用SIM」の併用が可能です。,False,
FAQSIM-0026,SIM,,,音声通話とデータ通信を別々のSIMに設定できますか？,音声通話とデータ通信を別々のSIMに設定できますか？,はい、可能です。スマートフォンの設定画面で、主回線（音声通話）とデータ通信にどちらのSIMを利用するかを個別に設定することができます。,はい、可能です。スマートフォンの設定画面で、主回線（音声通話）とデータ通信にどちらのSIMを利用するかを個別に設定することができます。,False,
FAQSIM-0027,SIM,,,物理SIMからeSIMに変更できますか？,物理SIMからeSIMに変更できますか？,はい、可能です。会員ページからeSIMへの変更手続きをお申し込みください。SIMカードの返却は不要です。手続き完了後、eSIMプロファイルをダウンロードしてご利用を開始できます。,はい、可能です。会員ページからeSIMへの変更手続きをお申し込みください。SIMカードの返却は不要です。手続き完了後、eSIMプロファイルをダウンロードしてご利用を開始できます。,False,
FAQSIM-0028,SIM,,,eSIMから物理SIMに変更できますか？,eSIMから物理SIMに変更できますか？,はい、可能です。会員ページから物理SIMへの変更手続きをお申し込みください。後日、ご登録の住所へSIMカードを発送いたします。,はい、可能です。会員ページから物理SIMへの変更手続きをお申し込みください。後日、ご登録の住所へSIMカードを発送いたします。,False,
FAQSIM-0029,SIM,,,eSIMのQRコードが読み取れません。,eSIMのQRコードが読み取れません。,QRコードが表示されている画面が暗すぎないか、カメラのレンズが汚れていないかをご確認ください。それでも読み取れない場合は、手動でアクティベーションコードを入力する方法もございます。詳細は設定案内のメールをご確認ください。,QRコードが表示されている画面が暗すぎないか、カメラのレンズが汚れていないかをご確認ください。それでも読み取れない場合は、手動でアクティベーションコードを入力する方法もございます。詳細は設定案内のメールをご確認ください。,False,
FAQSIM-0030,SIM,,,eSIMを設定した後、通信ができません。,eSIMを設定した後、通信ができません。,スマートフォンの再起動をお試しください。また、機内モードがオフになっていること、モバイルデータ通信がオンになっていることをご確認ください。それでも改善しない場合は、APN設定（アクセスポイント名）が正しく構成されているかをご確認ください。,スマートフォンの再起動をお試しください。また、機内モードがオフになっていること、モバイルデータ通信がオンになっていることをご確認ください。それでも改善しない場合は、APN設定（アクセスポイント名）が正しく構成されているかをご確認ください。,False,
FAQSIM-0031,SIM,,,海外でも利用できますか？,海外でも利用できますか？,はい、当社の国際ローミングサービスをご利用いただくことで、海外でもデータ通信や音声通話が可能です。渡航前に会員ページから国際ローミングの利用設定をご確認ください。ご利用料金は国・地域によって異なります。,はい、当社の国際ローミングサービスをご利用いただくことで、海外でもデータ通信や音声通話が可能です。渡航前に会員ページから国際ローミングの利用設定をご確認ください。ご利用料金は国・地域によって異なります。,False,
FAQSIM-0032,SIM,,,スマートフォンを紛失した場合、どうすればよいですか？,スマートフォンを紛失した場合、どうすればよいですか？,速やかに当社のカスタマーサポートまでご連絡いただき、回線の利用停止手続きを行ってください。eSIMの場合、第三者が端末のロックを解除できない限り、不正利用されるリスクは低いですが、念のためご連絡をお願いします。,速やかに当社のカスタマーサポートまでご連絡いただき、回線の利用停止手続きを行ってください。eSIMの場合、第三者が端末のロックを解除できない限り、不正利用されるリスクは低いですが、念のためご連絡をお願いします。,False,
FAQSIM-0045,SIM,,,you will need to get a new activation code. An eSIM can only be active on one device at a time,you will need to get a new activation code. An eSIM can only be active on one device at a time,so reissuing the code is necessary to activate it on your new phone.,so reissuing the code is necessary to activate it on your new phone.,False,
FAQSIM-0222,SIM,,,you can use our eSIM service by signing up for a new eSIM plan. Please note that this will incur a separate eSIM issuance fee of 3,you can use our eSIM service by signing up for a new eSIM plan. Please note that this will incur a separate eSIM issuance fee of 3,300 yen,300 yen,False,
FAQSIM-0226,SIM,,,after making a payment with your credit card,after making a payment with your credit card,activate the code on your device. A new phone number will be issued.,activate the code on your device. A new phone number will be issued.,False,
LINE-Default,,,,"メッセージありがとうございます！☀

申し訳ありませんが、入力された文章に対応することが出来ませんでした。
トラブルシューティング中であれば『』内の文章を正しく入力し直して頂きますようお願い致します。

また、このアカウントでは個別のお問い合わせを受け付けておりません。
次の配信までお待ちください(content)","メッセージありがとうございます！☀

申し訳ありませんが、入力された文章に対応することが出来ませんでした。
トラブルシューティング中であれば『』内の文章を正しく入力し直して頂きますようお願い致します。

また、このアカウントでは個別のお問い合わせを受け付けておりません。
次の配信までお待ちください(content)",,,False,flow-node
LINE-Troubleshooting,,,,"メッセージありがとうございます！
「トラブルシューティング」ですね。
これからいくつかの質問にお答えしていただきます。
お客様の状況に合うものを入力し送信してください。
※『』内の文章を送信してください

①『インターネット未接続』
※インターネットに接続できない場合

②『インターネットの不具合』
※インターネットの速度が遅い、または途切れる場合



弊社までお問い合わせしたい場合は
お手数ですが、お部屋にいらっしゃる際に下記の電話番号・お問い合わせフォームまでご連絡ください。

電話番号：0120-336-326
(平日10:00～18:00）
※音声ガイダンスに従い技術的なサポートに関するお問い合わせの場合は「2#」 を選択してください。

お問い合わせフォーム：https://sunrise-net-s.cms2.jp/dormnet_list/neinfo.html","メッセージありがとうございます！
「トラブルシューティング」ですね。
これからいくつかの質問にお答えしていただきます。
お客様の状況に合うものを入力し送信してください。
※『』内の文章を送信してください

①『インターネット未接続』
※インターネットに接続できない場合

②『インターネットの不具合』
※インターネットの速度が遅い、または途切れる場合



弊社までお問い合わせしたい場合は
お手数ですが、お部屋にいらっしゃる際に下記の電話番号・お問い合わせフォームまでご連絡ください。

電話番号：0120-336-326
(平日10:00～18:00）
※音声ガイダンスに従い技術的なサポートに関するお問い合わせの場合は「2#」 を選択してください。

お問い合わせフォーム：https://sunrise-net-s.cms2.jp/dormnet_list/neinfo.html",,,False,flow-node
LINE-unconnected,,,,"「インターネット未接続」ですね。
ご迷惑をお掛けし申し訳ございません。

インターネットが利用出来ない端末の
MACアドレス(Wi-Fiアドレス)登録は完了していますか？

①『完了している』

②『完了していない』


※インターネットをご利用する機器を追加されたい場合は
(パソコンや携帯を買い換えた場合も同様です。)
その機器のMACアドレス(Wi-Fiアドレス)登録が必要となります。

※MACアドレス登録は設備により必要のないお部屋もございます。
今までMACアドレスを登録せずインターネットをご利用頂けていたお客様は
『完了している』と入力してください。
MACアドレス登録の必要があるかどうかが分からない場合は
下記の電話番号までお問い合わせをお願い致します。

電話番号：0120-336-326
(平日10:00～18:00）
※音声ガイダンスに従い技術的なサポートに関するお問い合わせの場合は「2#」 を選択してください。","「インターネット未接続」ですね。
ご迷惑をお掛けし申し訳ございません。

インターネットが利用出来ない端末の
MACアドレス(Wi-Fiアドレス)登録は完了していますか？

①『完了している』

②『完了していない』


※インターネットをご利用する機器を追加されたい場合は
(パソコンや携帯を買い換えた場合も同様です。)
その機器のMACアドレス(Wi-Fiアドレス)登録が必要となります。

※MACアドレス登録は設備により必要のないお部屋もございます。
今までMACアドレスを登録せずインターネットをご利用頂けていたお客様は
『完了している』と入力してください。
MACアドレス登録の必要があるかどうかが分からない場合は
下記の電話番号までお問い合わせをお願い致します。

電話番号：0120-336-326
(平日10:00～18:00）
※音声ガイダンスに従い技術的なサポートに関するお問い合わせの場合は「2#」 を選択してください。",,,False,flow-node
LINE-MAC_Completed,,,,"「完了している」ですね。
まず簡単な確認事項がございます。
お手数ですが上記の画像をご覧いただき、ルータの状態のご確認をお願いいたします。


ご確認後インターネットトラブルは解決できましたか？

①『解決できた』

②『解決できなかった』","「完了している」ですね。
まず簡単な確認事項がございます。
お手数ですが上記の画像をご覧いただき、ルータの状態のご確認をお願いいたします。


ご確認後インターネットトラブルは解決できましたか？

①『解決できた』

②『解決できなかった』",,,False,flow-node
LINE-MAC_not_Completed,,,,"「完了していない」ですね。
MACアドレス追加は下記フォームまたはお電話でお受けしております。

※各端末のMACアドレスの表示方法も下記フォームに記載してありますので、ご確認をお願い致します。

【MACアドレス追加フォーム】
https://sunrise-net-s.cms2.jp/contact_list/mac_application_add.html

【お電話でのご登録】
電話番号：0120-336-326
(平日10:00～18:00）
※音声ガイダンスに従い技術的なサポートに関するお問い合わせの場合は「2#」 を選択してください。","「完了していない」ですね。
MACアドレス追加は下記フォームまたはお電話でお受けしております。

※各端末のMACアドレスの表示方法も下記フォームに記載してありますので、ご確認をお願い致します。

【MACアドレス追加フォーム】
https://sunrise-net-s.cms2.jp/contact_list/mac_application_add.html

【お電話でのご登録】
電話番号：0120-336-326
(平日10:00～18:00）
※音声ガイダンスに従い技術的なサポートに関するお問い合わせの場合は「2#」 を選択してください。",,,False,flow-node
LINE-problems,,,,"「インターネットの不具合」ですね。
ご迷惑をお掛けし大変申し訳ございません。

まず最初に、ルーターの再起動をお願いいたします。
お手数ですが上記の画像をご覧いただき、ルータの再起動をお願いいたします。

次に、WiFiのSSIDをご確認をお願いいたします。
「2.4GHz」を使用されている場合「5GHz」の使用を試してみてください。


上記の方法をご確認後インターネットトラブルは解決できましたか？

①『解決できた』

②『解決できなかった』","「インターネットの不具合」ですね。
ご迷惑をお掛けし大変申し訳ございません。

まず最初に、ルーターの再起動をお願いいたします。
お手数ですが上記の画像をご覧いただき、ルータの再起動をお願いいたします。

次に、WiFiのSSIDをご確認をお願いいたします。
「2.4GHz」を使用されている場合「5GHz」の使用を試してみてください。


上記の方法をご確認後インターネットトラブルは解決できましたか？

①『解決できた』

②『解決できなかった』",,,False,flow-node
LINE-resolved,,,,"「解決できた」ですね。
この度は、Sun-netサポートにご連絡いただきましてありがとうございました。
また何かトラブルがございましたら、お気軽にお問合せ下さい。
今後ともSun-netサービスをよろしくお願いいたします。🐶🌞
お電話やフォームによるお問い合わせもお待ちしております。

電話番号：0120-336-326
(平日10:00～18:00）
※音声ガイダンスに従い技術的なサポートに関するお問い合わせの場合は「2#」 を選択してください。

お問い合わせフォーム：https://sunrise-net-s.cms2.jp/dormnet_list/neinfo.html","「解決できた」ですね。
この度は、Sun-netサポートにご連絡いただきましてありがとうございました。
また何かトラブルがございましたら、お気軽にお問合せ下さい。
今後ともSun-netサービスをよろしくお願いいたします。🐶🌞
お電話やフォームによるお問い合わせもお待ちしております。

電話番号：0120-336-326
(平日10:00～18:00）
※音声ガイダンスに従い技術的なサポートに関するお問い合わせの場合は「2#」 を選択してください。

お問い合わせフォーム：https://sunrise-net-s.cms2.jp/dormnet_list/neinfo.html",,,False,flow-node
LINE-non_resolved,,,,"「解決できなかった」ですね。
ご迷惑をお掛けし大変申し訳ございません。

お客様の利用中のルーターの”WAN”の差込口は点灯していますか？

①『点灯している』

②『点灯していない』","「解決できなかった」ですね。
ご迷惑をお掛けし大変申し訳ございません。

お客様の利用中のルーターの”WAN”の差込口は点灯していますか？

①『点灯している』

②『点灯していない』",,,False,flow-node
LINE-light_on,,,,"「点灯している」ですね。
では、お客様のインターネットに接続できない機器を教えてください。

①『iPhone』
※iPad等のiOS機器もこちらを選択してください

②『Android』

③『パソコン』

④『その他』

⑤『全ての端末』","「点灯している」ですね。
では、お客様のインターネットに接続できない機器を教えてください。

①『iPhone』
※iPad等のiOS機器もこちらを選択してください

②『Android』

③『パソコン』

④『その他』

⑤『全ての端末』",,,False,flow-node
LINE-iphone,,,,"「iPhone」ですね。
iOS14以降の端末に関してですが、初期設定でMACアドレスが1つのアドレスに固定されていない設定になっております。

弊社のインターネットに接続するためには、固定MACアドレスに設定していただく必要がございますので、
以下の手順で設定をお願いいたします。

①「設定」　をタップ
②「WI-FI」をタップ
③現在使用しているWIFIの「iマーク」をタップ
④「プライベートアドレス」をオフにします。

上記の設定を行い接続できましたか？

①『接続できた』

②『接続できなかった』","「iPhone」ですね。
iOS14以降の端末に関してですが、初期設定でMACアドレスが1つのアドレスに固定されていない設定になっております。

弊社のインターネットに接続するためには、固定MACアドレスに設定していただく必要がございますので、
以下の手順で設定をお願いいたします。

①「設定」　をタップ
②「WI-FI」をタップ
③現在使用しているWIFIの「iマーク」をタップ
④「プライベートアドレス」をオフにします。

上記の設定を行い接続できましたか？

①『接続できた』

②『接続できなかった』",,,False,flow-node
LINE-android,,,,"「android」ですね。
android10以降の端末に関してですが、初期設定でMACアドレスが1つのアドレスに固定されていない設定になっております。

弊社のインターネットに接続するためには、固定MACアドレスに設定していただく必要がございますので、
以下の手順で設定をお願いいたします。

①「設定」をタップ
②「ネットワークとインターネット」をタップ
③「WI-FI」をタップ
④現在使用しているWIFIをタップ
⑤「詳細設定」をタップ
⑥「プライバシー」をタップ
⑦”ランダムなMACを使用する”から、”デバイスのMACを使用する”に変更
⑧「保存」をタップ

上記の設定を行い接続できましたか？

①『接続できた』

②『接続できなかった』","「android」ですね。
android10以降の端末に関してですが、初期設定でMACアドレスが1つのアドレスに固定されていない設定になっております。

弊社のインターネットに接続するためには、固定MACアドレスに設定していただく必要がございますので、
以下の手順で設定をお願いいたします。

①「設定」をタップ
②「ネットワークとインターネット」をタップ
③「WI-FI」をタップ
④現在使用しているWIFIをタップ
⑤「詳細設定」をタップ
⑥「プライバシー」をタップ
⑦”ランダムなMACを使用する”から、”デバイスのMACを使用する”に変更
⑧「保存」をタップ

上記の設定を行い接続できましたか？

①『接続できた』

②『接続できなかった』",,,False,flow-node
LINE-pc,,,,"「パソコン」ですね。
お客様のお持ちのパソコンがWindowsの場合、弊社のインターネットに接続するためには、固定MACアドレスに設定していただく必要がございます。 
以下の手順で設定をお願いいたします。

①「設定」　をクリック
②「ネットワークとインターネット」　をクリック
③「WI-FI」　をクリック
④「ランダムなハードウェアアドレスを使う」をスイッチをクリックし、オフにします。

上記の設定を行い接続できましたか？

①『接続できた』

②『接続できなかった』","「パソコン」ですね。
お客様のお持ちのパソコンがWindowsの場合、弊社のインターネットに接続するためには、固定MACアドレスに設定していただく必要がございます。 
以下の手順で設定をお願いいたします。

①「設定」　をクリック
②「ネットワークとインターネット」　をクリック
③「WI-FI」　をクリック
④「ランダムなハードウェアアドレスを使う」をスイッチをクリックし、オフにします。

上記の設定を行い接続できましたか？

①『接続できた』

②『接続できなかった』",,,False,flow-node
LINE-other,,,,"「その他」ですね。
ご迷惑をお掛けし申し訳ございません。
その他端末の場合、お客様の状況に合わせ個別対応させて頂いております。
お手数ですが、お部屋にいらっしゃる際に下記の電話番号・お問い合わせフォームまでご連絡ください。

電話番号：0120-336-326
(平日10:00～18:00）
※音声ガイダンスに従い技術的なサポートに関するお問い合わせの場合は「2#」 を選択してください。

お問い合わせフォーム：https://sunrise-net-s.cms2.jp/dormnet_list/neinfo.html","「その他」ですね。
ご迷惑をお掛けし申し訳ございません。
その他端末の場合、お客様の状況に合わせ個別対応させて頂いております。
お手数ですが、お部屋にいらっしゃる際に下記の電話番号・お問い合わせフォームまでご連絡ください。

電話番号：0120-336-326
(平日10:00～18:00）
※音声ガイダンスに従い技術的なサポートに関するお問い合わせの場合は「2#」 を選択してください。

お問い合わせフォーム：https://sunrise-net-s.cms2.jp/dormnet_list/neinfo.html",,,False,flow-node
LINE-all_devices,,,,"「全ての端末」ですね。
ご迷惑をお掛けし申し訳ございません。
全ての端末の場合、お客様の状況に合わせ個別対応させて頂いております。
お手数ですが、お部屋にいらっしゃる際に下記の電話番号・お問い合わせフォームまでご連絡ください。

電話番号：0120-336-326
(平日10:00～18:00）
※音声ガイダンスに従い技術的なサポートに関するお問い合わせの場合は「2#」 を選択してください。

お問い合わせフォーム：https://sunrise-net-s.cms2.jp/dormnet_list/neinfo.html","「全ての端末」ですね。
ご迷惑をお掛けし申し訳ございません。
全ての端末の場合、お客様の状況に合わせ個別対応させて頂いております。
お手数ですが、お部屋にいらっしゃる際に下記の電話番号・お問い合わせフォームまでご連絡ください。

電話番号：0120-336-326
(平日10:00～18:00）
※音声ガイダンスに従い技術的なサポートに関するお問い合わせの場合は「2#」 を選択してください。

お問い合わせフォーム：https://sunrise-net-s.cms2.jp/dormnet_list/neinfo.html",,,False,flow-node
LINE-working,,,,"「接続できた」ですね。
この度は、Sun-netサポートにご連絡いただきましてありがとうございました。
また何かトラブルがございましたら、お気軽にお問合せ下さい。
今後ともSun-netサービスをよろしくお願いいたします。🐶🌞
お電話やフォームによるお問い合わせもお待ちしております。

電話番号：0120-336-326
(平日10:00～18:00）
※音声ガイダンスに従い技術的なサポートに関するお問い合わせの場合は「2#」 を選択してください。

お問い合わせフォーム：https://sunrise-net-s.cms2.jp/dormnet_list/neinfo.html","「接続できた」ですね。
この度は、Sun-netサポートにご連絡いただきましてありがとうございました。
また何かトラブルがございましたら、お気軽にお問合せ下さい。
今後ともSun-netサービスをよろしくお願いいたします。🐶🌞
お電話やフォームによるお問い合わせもお待ちしております。

電話番号：0120-336-326
(平日10:00～18:00）
※音声ガイダンスに従い技術的なサポートに関するお問い合わせの場合は「2#」 を選択してください。

お問い合わせフォーム：https://sunrise-net-s.cms2.jp/dormnet_list/neinfo.html",,,False,flow-node
LINE-not_working,,,,"「接続できなかった」ですね。
ご迷惑をお掛けし申し訳ございません。

接続ができなかった場合、お客様の状況に合わせ個別対応させて頂いております。
お手数ですが、お部屋にいらっしゃる際に下記の電話番号・お問い合わせフォームまでご連絡ください。

電話番号：0120-336-326
(平日10:00～18:00）
※音声ガイダンスに従い技術的なサポートに関するお問い合わせの場合は「2#」 を選択してください。

お問い合わせフォーム：https://sunrise-net-s.cms2.jp/dormnet_list/neinfo.html","「接続できなかった」ですね。
ご迷惑をお掛けし申し訳ございません。

接続ができなかった場合、お客様の状況に合わせ個別対応させて頂いております。
お手数ですが、お部屋にいらっしゃる際に下記の電話番号・お問い合わせフォームまでご連絡ください。

電話番号：0120-336-326
(平日10:00～18:00）
※音声ガイダンスに従い技術的なサポートに関するお問い合わせの場合は「2#」 を選択してください。

お問い合わせフォーム：https://sunrise-net-s.cms2.jp/dormnet_list/neinfo.html",,,False,flow-node
LINE-light_off,,,,"「点灯していない」ですね。
ご迷惑をお掛けし申し訳ございません。
wanの差込口のランプが点灯していない場合、お客様の状況に合わせ個別対応させて頂いております。
お手数ですが、お部屋にいらっしゃる際に下記の電話番号・お問い合わせフォームまでご連絡ください。

電話番号：0120-336-326
(平日10:00～18:00）
※音声ガイダンスに従い技術的なサポートに関するお問い合わせの場合は「2#」 を選択してください。

お問い合わせフォーム：https://sunrise-net-s.cms2.jp/dormnet_list/neinfo.html","「点灯していない」ですね。
ご迷惑をお掛けし申し訳ございません。
wanの差込口のランプが点灯していない場合、お客様の状況に合わせ個別対応させて頂いております。
お手数ですが、お部屋にいらっしゃる際に下記の電話番号・お問い合わせフォームまでご連絡ください。

電話番号：0120-336-326
(平日10:00～18:00）
※音声ガイダンスに従い技術的なサポートに関するお問い合わせの場合は「2#」 を選択してください。

お問い合わせフォーム：https://sunrise-net-s.cms2.jp/dormnet_list/neinfo.html",,,False,flow-node
LINE-end,,,,（終了）,（終了）,,,False,flow-node
LINE-20,,,,"「ランダム」ですね。
「ランダムなMACアドレスを使用する」から
「デバイスのMACアドレスを使用する」に変更してください。
設定の変更後、インターネットに接続できましたか？

①『接続できた』

②『接続できなかった』","「ランダム」ですね。
「ランダムなMACアドレスを使用する」から
「デバイスのMACアドレスを使用する」に変更してください。
設定の変更後、インターネットに接続できましたか？

①『接続できた』

②『接続できなかった』",,,False,flow-node
LINE-21,,,,"メッセージありがとうございます！☀
MACアドレス追加は下記フォームからお受けしております！

【MACアドレス追加フォーム】
https://sunrise-net-s.cms2.jp/contact_list/mac_application_add.html?_ga=2.66777962.519741247.1619073257-2119856704.1619073257","メッセージありがとうございます！☀
MACアドレス追加は下記フォームからお受けしております！

【MACアドレス追加フォーム】
https://sunrise-net-s.cms2.jp/contact_list/mac_application_add.html?_ga=2.66777962.519741247.1619073257-2119856704.1619073257",,,False,flow-node
LINE-22,,,,"「設定オン」ですね。
お客様のお持ちのiPhoneの
”プライベートアドレス設定”を「オフ」してください。
※プライベートアドレス設定が
不明な場合は下記サイトを参考にしてください。
https://support.apple.com/ja-jp/guide/iphone/iph6b324bb33/ios

①『接続できた』

②『接続できなかった』","「設定オン」ですね。
お客様のお持ちのiPhoneの
”プライベートアドレス設定”を「オフ」してください。
※プライベートアドレス設定が
不明な場合は下記サイトを参考にしてください。
https://support.apple.com/ja-jp/guide/iphone/iph6b324bb33/ios

①『接続できた』

②『接続できなかった』",,,False,flow-node
LINE-23,,,,"「設定オフ」ですね。
ご迷惑をお掛けし大変申し訳ございません。
設定オフの場合、お客様の状況に合わせ個別対応させて頂いております。
お手数ですが、お部屋にいらっしゃる際に下記の電話番号・お問い合わせフォームまでご連絡ください。

電話番号：0120-336-326
(平日10:00～18:00）
※音声ガイダンスに従い技術的なサポートに関するお問い合わせの場合は「2#」 を選択してください。

お問い合わせフォーム：https://sunrise-net-s.cms2.jp/dormnet_list/neinfo.html","「設定オフ」ですね。
ご迷惑をお掛けし大変申し訳ございません。
設定オフの場合、お客様の状況に合わせ個別対応させて頂いております。
お手数ですが、お部屋にいらっしゃる際に下記の電話番号・お問い合わせフォームまでご連絡ください。

電話番号：0120-336-326
(平日10:00～18:00）
※音声ガイダンスに従い技術的なサポートに関するお問い合わせの場合は「2#」 を選択してください。

お問い合わせフォーム：https://sunrise-net-s.cms2.jp/dormnet_list/neinfo.html",,,False,flow-node
LINE-24,,,,"「デバイス」ですね。
ご迷惑をお掛けし大変申し訳ございません。
デバイスMACアドレスを使用している場合、お客様の状況に合わせ個別対応させて頂いております。
お手数ですが、お部屋にいらっしゃる際に下記の電話番号・お問い合わせフォームまでご連絡ください。

電話番号：0120-336-326
(平日10:00～18:00）
※音声ガイダンスに従い技術的なサポートに関するお問い合わせの場合は「2#」 を選択してください。

お問い合わせフォーム：https://sunrise-net-s.cms2.jp/dormnet_list/neinfo.html","「デバイス」ですね。
ご迷惑をお掛けし大変申し訳ございません。
デバイスMACアドレスを使用している場合、お客様の状況に合わせ個別対応させて頂いております。
お手数ですが、お部屋にいらっしゃる際に下記の電話番号・お問い合わせフォームまでご連絡ください。

電話番号：0120-336-326
(平日10:00～18:00）
※音声ガイダンスに従い技術的なサポートに関するお問い合わせの場合は「2#」 を選択してください。

お問い合わせフォーム：https://sunrise-net-s.cms2.jp/dormnet_list/neinfo.html",,,False,flow-node
LINE-25,,,,"メッセージありがとうございます！☀
各種お申込みは下記ホームページからお受けしております！

【新規お申込みフォーム】
http://www.sunrise-net.ne.jp/contact_list.html","メッセージありがとうございます！☀
各種お申込みは下記ホームページからお受けしております！

【新規お申込みフォーム】
http://www.sunrise-net.ne.jp/contact_list.html",,,False,flow-node
LINE-26,,,,"メッセージありがとうございます！
「お問い合わせ」ですね。

お問い合わせは下記の電話番号とフォームからお受けしております。

【電話番号】
0120-336-326
(平日10:00～18:00）
※音声ガイダンスに従い
料金や契約に関するお問い合わせの場合は「1#」
技術的なサポートに関するお問い合わせの場合は「2#」 
その他のお問い合わせの場合は「3#」
を選択してください。

【お問い合わせフォーム】
▽技術的なサポートに関するお問い合わせ
https://sunrise-net-s.cms2.jp/dormnet_list/neinfo.html

▽その他一般お問い合わせ
https://sunrise-net-s.cms2.jp/contact_list/contact.html","メッセージありがとうございます！
「お問い合わせ」ですね。

お問い合わせは下記の電話番号とフォームからお受けしております。

【電話番号】
0120-336-326
(平日10:00～18:00）
※音声ガイダンスに従い
料金や契約に関するお問い合わせの場合は「1#」
技術的なサポートに関するお問い合わせの場合は「2#」 
その他のお問い合わせの場合は「3#」
を選択してください。

【お問い合わせフォーム】
▽技術的なサポートに関するお問い合わせ
https://sunrise-net-s.cms2.jp/dormnet_list/neinfo.html

▽その他一般お問い合わせ
https://sunrise-net-s.cms2.jp/contact_list/contact.html",,,False,flow-node
MAIL-001,,,,,,"種類	返信例	
MAC追加申請フォーム	""会員ID:00000
AAA　様

平素は弊社インターネットサービスをご利用いただきましてありがとうございます。
只今お問合せ殺到につきまして、ご連絡が遅くなりまして大変申し訳ございません。

ご依頼いただきました機器の登録が完了いたしました。
インターネットの動作確認を行っていただきますようお願い致します。

確認後に接続が出来ない場合は、大変お手数ですが再度ご連絡いただけますでしょうか。
※一部の端末は機種やバージョンによって、無線に繋がらないという問題が起こる場合がございます。
その場合には別方法にてご登録をさせて頂きます。
※無線と有線ではMACアドレスは異なります。
※他の方の端末を登録することは禁止となっております。

[現在のご登録状況]
無線
・　OS【Windows11】　/MACアドレス  【**:b3:39:c0:ec:1b】
・　OS【smart TV】　/MACアドレス 【**:93:c3:9d:21:a1】
・　OS【プリンター】　/MACアドレス 【**:68:74:85:21:a1】
・　OS【iphone14】　/MACアドレス 【**:9c:78:65:4f:58】
・　OS【ipad】　/MACアドレス 【**:72:fe:7c:21:3f】

よろしくお願い申し上げます。

────────────────────────
株式会社サンライズ　　Sun-Net テクニカルサポート
〒103-0004　東京都中央区東日本橋２－１４－１　DKK東日本橋ビル4F
TEL:0120-336-326　FAX:03-5822-2342
※音声ガイダンスに従って
　①お支払いやご契約に関するお問い合わせは「1#」
　②技術的なサポートに関するお問い合わせは「2#」
をダイヤルしてください。
E-MAIL：network_otoiawase@sunrise-net.co.jp
営業時間：10:00～18:00（平日:月～金）
""	""Customer ID:00000
Dear　AAA

Thank you for using our internet service.
We are sorry to have kept you waiting.

The physical address of your new device has been registered in our 
system. It can use the internet.
Please check the connection to the internet. If you have any trouble, 
please contact us again.

※Important
If your device can not connect to the Internet, please check """"if your 
MAC address setting is randomized or Privatized"""" through the links below.
If you see it is randomized, please take the process of de-randomize or 
de-privatization.
・iOS 14 ⇒　https://support.apple.com/en-us/HT211227
・Android OS (Version 10 and 
beyond)⇒　https://support.boingo.com/s/article/How-to-Disable-MAC-Randomization-in-Android-13
・Windows 10 
⇒　https://support.boingo.com/s/article/How-to-Disable-MAC-Randomization-in-Windows-10

※We need to change the settings of the system, depending on the model or 
version of your device.
※The wired mac address and the wireless mac address are different.
※It is strictly prohibited to register devices other people have.

[Registered MAC address]
wireless
・ OS【Windows10】 /MAC address  【**:b3:2f:01:f4:df】
・ OS【Windows】 /MAC address 【**:e4:2a:fc:32:9e】
・ OS【android】 /MAC address【**:c9:92:f8:fa:5d】

Thank you for your cooperation.

Best regards,
Sun-Net Service
────────────────────────
Sunrise Corporation===Sun-Net Service
TEL:0120-336-326　FAX:03-5822-2342
〒103-0004 DKK Higashi-Nihombashi Build 4F, 2-14-1, Higashi-Nihombashi, 
Chuo-ku, Tokyo
Business Hours:  Mon to Fri 10:00am～6:00pm (except Saturdays, Sundays, 
and holidays) ""
	""★ プライベートアドレス・ランダムMACの設定を解除する

     【プライベートアドレス】【ランダムMAC】の設定がONの場合、
     
申請頂いたMACアドレスとは異なるアドレスとなる為、インターネットへ接続できません。
     必ずOFFに変更してください。

     変更方法は、以下の通りです。

        ※ IOS14以上の端末(iPhone・iPad等)
             1. 設定をタップ
             2. WI-FIをタップ
             3. 現在使用しているWIFIをタップ
             4.「プライベートアドレス」をオフにします。

        ※ Windows10以上
             1. 設定をタップ
             2. ネットワークとインターネットをタップ
             3. WI-FIをタップ
             4. 
右側に「ランダムなハードウェアアドレスを使う」のスイッチをタップし、
               オフにします

お手数ですが、上記の設定をお願いいたします。

よろしくお願い申し上げます。
＊＊＊＊＊＊＊＊＊＊＊＊＊＊＊＊＊＊＊＊＊＊＊＊＊＊＊＊＊＊＊＊＊＊＊＊＊＊＊

★LINE友達追加のお願い★

弊社のLINEアカウントでは、物理アドレスの追加申請などを行う事ができます。

今後もLINEを通してお知らせ情報を更新してまいりますので是非この機会に友達追加お待ちしております♪

【Sun-Net 公式LINEアカウント】

LINEの友達追加からID検索で追加して頂けます。

ID：＠616gnwlj

────────────────────────
株式会社サンライズ　　Sun-Net テクニカルサポート
〒103-0004　東京都中央区東日本橋２－１４－１　DKK東日本橋ビル4F
TEL:0120-336-326　FAX:03-5822-2342
※音声ガイダンスに従って
　①お支払いやご契約に関するお問い合わせは「1#」
　②技術的なサポートに関するお問い合わせは「2#」
をダイヤルしてください。
E-MAIL：network_otoiawase@sunrise-net.co.jp
営業時間：10:00～18:00（平日:月～金） ""	
	""また、android10以上の端末(Android携帯・Tablet等)に関してですが、もともとMACアドレスが1つのアドレスに固定されていない設定になっております。

弊社のインターネットに接続するためには、MACアドレスのランダム化を解除する必要があります。

手順といたしましては、
①設定をタップ
②ネットワークとインターネットをタップ
③Wi-Fiをタップ
④現在接続しているWi-Fiをタップ
⑤詳細設定をタップ
⑥プライバシーをタップ
⑦”ランダムなMACを使用する”から、”デバイスのMACを使用する”に変更
⑧保存をタップ

お手数ですが、上記の設定をお願いいたします。
よろしくお願い申し上げます。 ""	
	""また、IOS14以上の端末(iPhone・iPad)に関してですが、もともとMACアドレスが1つのアドレスに固定されていない設定になっております。

弊社のインターネットに接続するためには、固定MACアドレスに設定していただく必要がございます。

手順といたしましては、
①設定をタップ
②Wi-Fiをタップ
③現在接続しているWi-Fiをタップ
④「プライベートアドレス」をオフにします。

お手数ですが、上記の設定をお願いいたします。
よろしくお願い申し上げます。 ""	
	""
Android登録のご連絡をいただきましたが、同種の機器登録は2回線までとさせていただいてます。
（例：2回線携帯【iPhoneとAndroidか　AndroidとAndroid】…等）
お客様は既に2回線登録されていますので、ご利用にならないものを削除してからの登録となります。 ""	
	""お客様のご契約ですと、有線･無線通算で5件までMAC(物理)アドレスの登録が可能ですが
6件目以降は1件に付き月額220円（税込）で追加登録を承っております。

お客様のご利用状況は下記の通りですが有料での追加登録をご希望でしょうか？
それとも現在のものをなにか削除して新しくご登録いたしますか？ """,,,mail-template
NEWS-001,,,,,,タイトル	分類	質問	回答,,,news-faq
NEWS-002,,,,,,寮内ネットの利用可否	寮内ネット	自分の住んでいる学生寮で『寮内ネット』は利用できますか？	寮によります。詳細はサポートデスクに確認してください。,,,news-faq
NEWS-003,,,,,,再契約手続き	寮内ネット	1年間は寮にいる予定がありますが2年目に寮に住むか未定です。再契約になりますか？	再契約が必要です。手続きはサポートデスクにお問い合わせください。,,,news-faq
NEWS-004,,,,,,短期間の契約可否	寮内ネット	夏までの契約にしたいのですが可能ですか？	可能です。詳細はサポートデスクにお問い合わせください。,,,news-faq
NEWS-005,,,,,,インターネットの契約可否	Sun-Net光	引越し先の物件でインターネットは必要なら自分で契約するように言われました。利用できますか？	利用可能です。詳細はサポートデスクにお問い合わせください。,,,news-faq
NEWS-006,,,,,,サービス停止	Sun-Net光	長期留学中サービスを停止することはできますか？	可能です。詳細はサポートデスクにお問い合わせください。,,,news-faq
NEWS-007,,,,,,ドコモのiPhoneの利用可否	SIMカード	解約したドコモのiPhoneは使えますか？	使えますが、SIMカードの再発行が必要です。詳細はサポートデスクにお問い合わせください。,,,news-faq
NEWS-008,,,,,,SIMカードの紛失	SIMカード	SIMカードを紛失しました。どうすればいいですか？	直ちにサポートデスクに連絡してください。,,,news-faq
NEWS-009,,,,,,振込先の確認	お支払い方法	利用料金の振込先を教えてください。	振込先情報はご契約内容に記載されています。詳細はサポートデスクにお問い合わせください。,,,news-faq
NEWS-010,,,,,,支払期日の過ぎた後の支払い方法	お支払い方法	支払期日が過ぎた後はどうすればよいですか？	支払期日が過ぎた後は、遅延金が発生する可能性があります。サポートデスクに連絡してください。,,,news-faq
NEWS-011,,,,,,連絡先変更手続き	各種申請手続き	携帯番号やメールアドレスが変更になった場合はどうすればよいですか？	サポートデスクに連絡し、変更手続きを行ってください。,,,news-faq
NEWS-012,,,,,,部屋の変更手続き	各種申請手続き	途中で部屋が変わるかもしれませんが、どうすればよいでしょうか？	サポートデスクに連絡してください。,,,news-faq
NEWS-013,,,,,,スマホのWiFi利用不可	トラブルシューティング/寮内ネット	スマホのWiFiが使えません。	ルーターの設定を確認してください。それでも解決しない場合はサポートデスクにお問い合わせください。,,,news-faq
NEWS-014,,,,,,パソコンのWiFi利用不可	トラブルシューティング/寮内ネット	パソコンのWiFiが使えません。	ルーターの設定を確認してください。それでも解決しない場合はサポートデスクにお問い合わせください。,,,news-faq
NEWS-015,,,,,,APN設定不可	トラブルシューティング/SIMカード	APN設定ができない場合はどうすればいいでしょうか？	APN設定の詳細はサポートデスクにお問い合わせください。,,,news-faq
NEWS-016,,,,,,SIMカード破損	トラブルシューティング/SIMカード	SIMカードを破損してしまった。どうすればいいでしょうか？	直ちにサポートデスクに連絡してください。,,,news-faq
NEWS-017,,,,,,iPhone/iPadのMACアドレス表示方法	参考/MACアドレス表示方法	iPhone/iPadのMACアドレスはどこで確認できますか？	設定 > 一般 > 情報 > Wi-Fiアドレス,,,news-faq
NEWS-018,,,,,,Android OSのMACアドレス表示方法	参考/MACアドレス表示方法	Android OSのMACアドレスはどこで確認できますか？	設定 > 端末情報 > 状態 > Wi-Fi MACアドレス,,,news-faq
NEWS-019,,,,,,クレジットカード支払	申込をしたのですがクレジットカード支払画面がありません。	申込フォームではクレジットカード登録の入力欄はありません。お申込後ご指定のメールアドレス宛てにクレジットカード支払リンクを送信いたします。（※株式会社ゼウスのシステムより配信されます）アクセス有効期限が設定されておりますので指定期日までに支払手続を行ってください。,,,news-faq
NEWS-020,,,,,,クレジットカード支払	契約者はクレジットカードを持っていないので親のクレジットカードにて支払をしたい。	ご家族のクレジットカードによるお支払も可能です。尚、分割払い及び継続更新時においてはお支払いただいたクレジットカードの自動決済となります。,,,news-faq
NEWS-021,,,,,,口座振替払い	契約者に口座ではなく親の銀行口座を登録することはできますか？	ご家族の銀行口座の登録は可能です。,,,news-faq
NEWS-022,,,,,,商品発送（寮内ネット/WiFiプラス）	申込をしたのですが、料金を支払わないと無線ルーターは発送されませんか？	お支払の有無に関わらず、お申込後に順次登録作業を行った後に発送いたします。,,,news-faq
NEWS-023,,,,,,クレジットカード支払	お申込後クレジットカード支払リンクを受け取ったのですがアクセス有効期限が切れ手続ができなくなりました。どうすればよいですか？	クレジットカード支払リンクを再送いたしますのでSun-Netサポートデスクまでお問合せください。,,,news-faq
NEWS-024,,,,,,口座振替払い	口座振替依頼書の印鑑欄に間違って別の印鑑を押してしまった。どうすればよいですか？	2重の取り消し線を引き、その上に銀行開設印を押印して、用紙の余白部（枠外可）に銀行開設印を押印ください。,,,news-faq
NEWS-025,,,,,,口座振替払い	口座振替依頼書の印鑑欄が陰影がぼやけてしまった。どうすればよいですか？	2重の取り消し線を引き、その上に銀行開設印を押印して、用紙の余白部（枠外可）に銀行開設印を押印ください。,,,news-faq
FAQ-0085,,接続の基本とトラブルシューティング,Basic Connection & Troubleshooting,インターネットに接続できません。どうすればよいですか？,I cannot connect to the internet. What should I do?,まず、ルーターの電源が入っているか確認してください。次に、Wi-FiのSSIDとパスワードが正しいか確認します。それでも接続できない場合は、デバイスを再起動してみてください。,"First, check if the router is powered on. Next, verify that the Wi-Fi SSID and password are correct. If you still cannot connect, try restarting your device.",False,接続の基本とトラブルシューティング
FAQ-0086,,接続の基本とトラブルシューティング,Basic Connection & Troubleshooting,Wi-Fiのパスワードがわかりません。どうすればよいですか？,I don't know the Wi-Fi password. What should I do?,Wi-Fiパスワード（暗号化キー）は通常、ルーターの裏面や底面に記載されています。見つからない場合は、Sun-Netサポートに連絡してください。,"The Wi-Fi password (encryption key) is usually located on the back or bottom of the router. If you cannot find it, please contact Sun-Net support.",False,接続の基本とトラブルシューティング
FAQ-0087,,接続の基本とトラブルシューティング,Basic Connection & Troubleshooting,インターネット速度が遅いです。改善方法はありますか？,The internet speed is slow. Is there a way to improve it?,ルーターを再起動したり、ルーターに近づいたりしてみてください。他のデバイスの使用状況も確認し、必要に応じてネットワークの設定を最適化してください。,"Try restarting the router or moving closer to it. Also, check the usage status of other devices and optimize network settings if necessary.",False,接続の基本とトラブルシューティング
FAQ-0088,,接続の基本とトラブルシューティング,Basic Connection & Troubleshooting,ルーターの「ACTIVE」ランプが点灯しません。どうすればよいですか？,ルーターの「ACTIVE」ランプが点灯しません。どうすればよいですか？,ルーターが「BR（ブリッジ）」モードになっているか確認してください。側面や底面のスイッチを確認し、必要に応じて切り替えてから電源を入れ直してください。,ルーターが「BR（ブリッジ）」モードになっているか確認してください。側面や底面のスイッチを確認し、必要に応じて切り替えてから電源を入れ直してください。,False,接続の基本とトラブルシューティング
FAQ-0089,,接続の基本とトラブルシューティング,Basic Connection & Troubleshooting,インターネットが突然切断されます。原因は何でしょうか？,The internet is suddenly disconnected. What is the cause?,ルーターの位置、電波干渉、ファームウェアの古さなどが考えられます。ルーターの再起動や位置の変更、最新のファームウェアへの更新を試してみてください。,"Possible causes include router placement, radio interference, or outdated firmware. Try restarting the router, changing its position, or updating to the latest firmware.",True,接続の基本とトラブルシューティング
FAQ-0090,,物理アドレス（MACアドレス）と登録,Physical Address (MAC Address) & Registration,物理（MAC）アドレスとは何ですか？なぜ登録が必要なのですか？,What is a physical (MAC) address? Why is registration required?,物理アドレスは、ネットワークデバイスを識別するための固有の番号です。Sun-Netでは、セキュリティと管理のために各デバイスのMACアドレスの登録が必要です。,"A physical address is a unique number used to identify a network device. At Sun-Net, registration of each device's MAC address is required for security and management.",True,物理アドレス（MACアドレス）と登録
FAQ-0091,,物理アドレス（MACアドレス）と登録,Physical Address (MAC Address) & Registration,物理アドレスの確認方法を教えてください。,How can I check the physical address?,デバイスによって異なりますが、一般的にはWindows PCの場合、コマンドプロンプトで「getmac /v」と入力します。Mac OSの場合は「システム環境設定」→「ネットワーク」から確認できます。,"It varies by device, but generally for a Windows PC, type 'getmac /v' in the command prompt. For Mac OS, check under 'System Preferences' -> 'Network'.",False,物理アドレス（MACアドレス）と登録
FAQ-0092,,物理アドレス（MACアドレス）と登録,Physical Address (MAC Address) & Registration,新しいデバイスを購入しました。どうすればよいですか？,I bought a new device. What should I do?,新しいデバイスの物理アドレスを確認し、MACアドレス追加フォームよりお手続きください。https://sunrise-net-s.cms2.jp/contact_list/mac_application_add.html,Check the physical address of the new device and follow the procedures via the MAC address addition form: https://sunrise-net-s.cms2.jp/contact_list/mac_application_add.html,False,物理アドレス（MACアドレス）と登録
FAQ-0093,,物理アドレス（MACアドレス）と登録,Physical Address (MAC Address) & Registration,登録できるデバイスの数に制限はありますか？,Is there a limit to the number of devices that can be registered?,基本的に5台まで登録可能です。6台目以降は1台につき月額220円（税込）で追加登録できます。同系統端末の登録は2台までとなります。,"Basically, up to 5 devices can be registered. From the 6th device onwards, additional registration is possible for 220 yen (tax included) per month per device.",False,物理アドレス（MACアドレス）と登録
FAQ-0094,,ネットワーク設定,Network Settings,ルーターのリセットボタンを押してしまいました。どうすればよいですか？,ルーターのリセットボタンを押してしまいました。どうすればよいですか？,ルーターが初期化される為SSIDが変更されます。プライマリSSID（例：aterm~~）を選択し、ルーター裏面に記載されているパスワードを入力してください。,ルーターが初期化される為SSIDが変更されます。プライマリSSID（例：aterm~~）を選択し、ルーター裏面に記載されているパスワードを入力してください。,False,ネットワーク設定
FAQ-0095,,ネットワーク設定,Network Settings,IPアドレスの設定方法を教えてください。,IPアドレスの設定方法を教えてください。,通常は自動取得で問題ありませんが、手動設定が必要な場合は、デバイスのネットワーク設定から「IPアドレスを手動で設定する」を選択し、必要な情報を入力します。,通常は自動取得で問題ありませんが、手動設定が必要な場合は、デバイスのネットワーク設定から「IPアドレスを手動で設定する」を選択し、必要な情報を入力します。,False,ネットワーク設定
FAQ-0096,,ネットワーク設定,Network Settings,DNSサーバーの設定方法を教えてください。,DNSサーバーの設定方法を教えてください。,デバイスのネットワーク設定から「DNSサーバーのアドレスを手動で設定する」を選択し、Sun-Netから提供されたDNSサーバーアドレスを入力してください。,デバイスのネットワーク設定から「DNSサーバーのアドレスを手動で設定する」を選択し、Sun-Netから提供されたDNSサーバーアドレスを入力してください。,False,ネットワーク設定
FAQ-0097,,ネットワーク設定,Network Settings,IPv6は利用できますか？,IPv6は利用できますか？,Sun-Netサービスでのまたは居住地域でのIPv6対応状況については、カスタマーサポートにお問い合わせください。利用可能な場合、設定方法をご案内いたします。,Sun-Netサービスでのまたは居住地域でのIPv6対応状況については、カスタマーサポートにお問い合わせください。利用可能な場合、設定方法をご案内いたします。,False,ネットワーク設定
FAQ-0098,,デバイス別の設定と問題解決,Device Specific Settings & Troubleshooting,スマートフォンのWi-Fi接続ができません。,My smartphone cannot connect to Wi-Fi.,スマートフォンのWi-Fi設定で「プライベートアドレス」や「ランダムMACアドレス」機能がONになっている場合、OFFにしてみてください。,"If 'Private Address' or 'Random MAC Address' features are ON in your smartphone's Wi-Fi settings, please try turning them OFF.",False,デバイス別の設定と問題解決
FAQ-0099,,デバイス別の設定と問題解決,Device Specific Settings & Troubleshooting,ゲーム機のインターネット接続設定方法を教えてください。,ゲーム機のインターネット接続設定方法を教えてください。,ゲーム機の種類によって異なりますが、一般的にはネットワーク設定からWi-Fiを選択し、SSIDとパスワードを入力します。詳細な手順はガイドブックを参照してください。,ゲーム機の種類によって異なりますが、一般的にはネットワーク設定からWi-Fiを選択し、SSIDとパスワードを入力します。詳細な手順はガイドブックを参照してください。,False,デバイス別の設定と問題解決
FAQ-0100,,デバイス別の設定と問題解決,Device Specific Settings & Troubleshooting,セキュリティソフトがインターネット接続を妨げていませんか？,セキュリティソフトがインターネット接続を妨げていませんか？,セキュリティソフトの設定を確認し、必要に応じて一時的に無効にしてみてください。接続できた場合は、セキュリティソフトの設定を見直してください。,セキュリティソフトの設定を確認し、必要に応じて一時的に無効にしてみてください。接続できた場合は、セキュリティソフトの設定を見直してください。,False,デバイス別の設定と問題解決
FAQ-0101,,デバイス別の設定と問題解決,Device Specific Settings & Troubleshooting,インターネットを介して家電を操作したいです。可能ですか？,インターネットを介して家電を操作したいです。可能ですか？,スマートホーム機器の利用は可能です。ただし、セキュリティには十分注意し、各機器のセットアップ方法に従ってください。不明点はメーカーサポートにお問い合わせください。,スマートホーム機器の利用は可能です。ただし、セキュリティには十分注意し、各機器のセットアップ方法に従ってください。不明点はメーカーサポートにお問い合わせください。,False,デバイス別の設定と問題解決
FAQ-0102,,ネットワークのパフォーマンスと最適化,Network Performance & Optimization,Wi-Fiの電波が弱い部屋があります。対策はありますか？,Wi-Fiの電波が弱い部屋があります。対策はありますか？,Wi-Fi中継器やメッシュWi-Fiシステムの導入を検討してください。ただし、導入前にSun-Netサポートに相談することをおすすめします。,Wi-Fi中継器やメッシュWi-Fiシステムの導入を検討してください。ただし、導入前にSun-Netサポートに相談することをおすすめします。,False,ネットワークのパフォーマンスと最適化
FAQ-0103,,ネットワークのパフォーマンスと最適化,Network Performance & Optimization,インターネットの速度を測定したいです。どうすればよいですか？,インターネットの速度を測定したいです。どうすればよいですか？,オンラインの速度測定サービス（例：Speedtest.net）を利用できます。測定結果に疑問がある場合は、Sun-Netサポートにお問い合わせください。,オンラインの速度測定サービス（例：Speedtest.net）を利用できます。測定結果に疑問がある場合は、Sun-Netサポートにお問い合わせください。,False,ネットワークのパフォーマンスと最適化
FAQ-0104,,ネットワークのパフォーマンスと最適化,Network Performance & Optimization,ルーターのファームウェアを更新する必要がありますか？,ルーターのファームウェアを更新する必要がありますか？,ファームウェアの更新は、セキュリティや性能の向上のため重要です。定期的に確認し、更新することをお勧めします。更新方法はルーターの取扱説明書を参照してください。,ファームウェアの更新は、セキュリティや性能の向上のため重要です。定期的に確認し、更新することをお勧めします。更新方法はルーターの取扱説明書を参照してください。,False,ネットワークのパフォーマンスと最適化
FAQ-0105,,ネットワークのパフォーマンスと最適化,Network Performance & Optimization,複数のデバイスを同時に使用すると、速度が遅くなりますか？,複数のデバイスを同時に使用すると、速度が遅くなりますか？,デバイスの数が増えると、帯域幅が分散されるため速度が低下する可能性があります。重要なタスクを行う際は、他のデバイスの使用を控えることをお勧めします。,デバイスの数が増えると、帯域幅が分散されるため速度が低下する可能性があります。重要なタスクを行う際は、他のデバイスの使用を控えることをお勧めします。,False,ネットワークのパフォーマンスと最適化
FAQ-0106,,セキュリティとプライバシー,Security & Privacy,友人が来た時、一時的にWi-Fiを使わせることはできますか？,友人が来た時、一時的にWi-Fiを使わせることはできますか？,基本的には可能ですが、セキュリティのため、ゲスト用のWi-Fi設定を使用することをお勧めします。設定方法についてはSun-Netサポートにお問い合わせください。,基本的には可能ですが、セキュリティのため、ゲスト用のWi-Fi設定を使用することをお勧めします。設定方法についてはSun-Netサポートにお問い合わせください。,False,セキュリティとプライバシー
FAQ-0107,,セキュリティとプライバシー,Security & Privacy,VPNを使用してもよいですか？,VPNを使用してもよいですか？,VPNの使用自体は問題ありませんが、一部のVPNサービスはネットワークのパフォーマンスに影響を与える可能性があります。また、不正利用はお控えください。,VPNの使用自体は問題ありませんが、一部のVPNサービスはネットワークのパフォーマンスに影響を与える可能性があります。また、不正利用はお控えください。,False,セキュリティとプライバシー
FAQ-0108,,セキュリティとプライバシー,Security & Privacy,セキュリティ対策として何をすればよいですか？,セキュリティ対策として何をすればよいですか？,強力なWi-Fiパスワードの設定、ルーターのファームウェア更新、不要なポートの閉鎖、定期的なデバイスのセキュリティ更新を行ってください。,強力なWi-Fiパスワードの設定、ルーターのファームウェア更新、不要なポートの閉鎖、定期的なデバイスのセキュリティ更新を行ってください。,False,セキュリティとプライバシー
FAQ-0109,,Sun-Net光,Sun-Net Hikari,インターネットの使用量に制限はありますか？,インターネットの使用量に制限はありますか？,Sun-Netサービスでは通常、データ使用量に制限はありません。ただし、過度な使用や不正利用は避けてください。,Sun-Netサービスでは通常、データ使用量に制限はありません。ただし、過度な使用や不正利用は避けてください。,False,Sun-Net光
FAQ-0110,,Sun-Net光,Sun-Net Hikari,インターネット料金の支払い方法を変更したいです。可能ですか？,インターネット料金の支払い方法を変更したいです。可能ですか？,支払い方法の変更は可能です。Sun-Netカスタマーサポートに連絡し、希望する支払い方法をお伝えください。,支払い方法の変更は可能です。Sun-Netカスタマーサポートに連絡し、希望する支払い方法をお伝えください。,False,Sun-Net光
FAQ-0111,,Sun-Net光,Sun-Net Hikari,引っ越しする予定です。インターネットサービスはどうなりますか？,引っ越しする予定です。インターネットサービスはどうなりますか？,引っ越し先がSun-Netのサービス提供エリア内であれば、移転手続きが可能です。早めにSun-Netサポートに連絡して、必要な手続きを確認してください。,引っ越し先がSun-Netのサービス提供エリア内であれば、移転手続きが可能です。早めにSun-Netサポートに連絡して、必要な手続きを確認してください。,False,Sun-Net光
FAQ-0112,,Sun-Net光,Sun-Net Hikari,インターネットの障害情報はどこで確認できますか？,インターネットの障害情報はどこで確認できますか？,Sun-Netの公式ウェブサイトやSNSアカウントで最新の障害情報を確認できます。大規模な障害の場合は、メールでも通知されます。,Sun-Netの公式ウェブサイトやSNSアカウントで最新の障害情報を確認できます。大規模な障害の場合は、メールでも通知されます。,False,Sun-Net光
FAQ-0113,,Sun-Net光,Sun-Net Hikari,サポートの営業時間外に問題が発生した場合、どうすればよいですか？,サポートの営業時間外に問題が発生した場合、どうすればよいですか？,緊急の場合は、Sun-Netの公式ウェブサイトのヘルプセンターやFAQを参照してください。翌営業日にサポートに連絡することもできます。,緊急の場合は、Sun-Netの公式ウェブサイトのヘルプセンターやFAQを参照してください。翌営業日にサポートに連絡することもできます。,False,Sun-Net光
FAQ-0114,,Sun-Net光,Sun-Net Hikari,インターネットサービスを解約したい場合、どうすればよいですか？,インターネットサービスを解約したい場合、どうすればよいですか？,解約希望の場合は、Sun-Netカスタマーサポートに連絡してください。解約手続きや必要書類、機器の返却方法などについてご案内いたします。,解約希望の場合は、Sun-Netカスタマーサポートに連絡してください。解約手続きや必要書類、機器の返却方法などについてご案内いたします。,False,Sun-Net光
FAQ-0115,,接続の基本とトラブルシューティング,Basic Connection & Troubleshooting,まず、ルーターの電源が入っているか確認してください。次に、Wi-FiのSSIDとパスワードが正しいか確認します。それでも接続できない場合は、デバイスを再起動してみてください。,まず、ルーターの電源が入っているか確認してください。次に、Wi-FiのSSIDとパスワードが正しいか確認します。それでも接続できない場合は、デバイスを再起動してみてください。,,,False,接続の基本とトラブルシューティング
FAQ-0116,,接続の基本とトラブルシューティング,Basic Connection & Troubleshooting,Wi-Fiパスワード（暗号化キー）は通常、ルーターの裏面や底面に記載されています。見つからない場合は、Sun-Netサポートに連絡してください。,Wi-Fiパスワード（暗号化キー）は通常、ルーターの裏面や底面に記載されています。見つからない場合は、Sun-Netサポートに連絡してください。,,,False,接続の基本とトラブルシューティング
FAQ-0117,,接続の基本とトラブルシューティング,Basic Connection & Troubleshooting,ルーターを再起動したり、ルーターに近づいたりしてみてください。他のデバイスの使用状況も確認し、必要に応じてネットワークの設定を最適化してください。,ルーターを再起動したり、ルーターに近づいたりしてみてください。他のデバイスの使用状況も確認し、必要に応じてネットワークの設定を最適化してください。,,,False,接続の基本とトラブルシューティング
FAQ-0118,,接続の基本とトラブルシューティング,Basic Connection & Troubleshooting,ルーターが「BR（ブリッジ）」モードになっているか確認してください。側面や底面のスイッチを確認し、必要に応じて切り替えてから電源を入れ直してください。,ルーターが「BR（ブリッジ）」モードになっているか確認してください。側面や底面のスイッチを確認し、必要に応じて切り替えてから電源を入れ直してください。,,,False,接続の基本とトラブルシューティング
FAQ-0119,,接続の基本とトラブルシューティング,Basic Connection & Troubleshooting,ルーターの位置、電波干渉、ファームウェアの古さなどが考えられます。ルーターの再起動や位置の変更、最新のファームウェアへの更新を試してみてください。,ルーターの位置、電波干渉、ファームウェアの古さなどが考えられます。ルーターの再起動や位置の変更、最新のファームウェアへの更新を試してみてください。,,,False,接続の基本とトラブルシューティング
FAQ-0120,,物理アドレス（MACアドレス）と登録,Physical Address (MAC Address) & Registration,物理アドレスは、ネットワークデバイスを識別するための固有の番号です。Sun-Netでは、セキュリティと管理のために各デバイスのMACアドレスの登録が必要です。,物理アドレスは、ネットワークデバイスを識別するための固有の番号です。Sun-Netでは、セキュリティと管理のために各デバイスのMACアドレスの登録が必要です。,,,False,物理アドレス（MACアドレス）と登録
FAQ-0121,,物理アドレス（MACアドレス）と登録,Physical Address (MAC Address) & Registration,デバイスによって異なりますが、一般的にはWindows PCの場合、コマンドプロンプトで「getmac /v」と入力します。Mac OSの場合は「システム環境設定」→「ネットワーク」から確認できます。,デバイスによって異なりますが、一般的にはWindows PCの場合、コマンドプロンプトで「getmac /v」と入力します。Mac OSの場合は「システム環境設定」→「ネットワーク」から確認できます。,,,False,物理アドレス（MACアドレス）と登録
FAQ-0122,,物理アドレス（MACアドレス）と登録,Physical Address (MAC Address) & Registration,新しいデバイスの物理アドレスを確認し、MACアドレス追加フォームよりお手続きください。https://sunrise-net-s.cms2.jp/contact_list/mac_application_add.html,新しいデバイスの物理アドレスを確認し、MACアドレス追加フォームよりお手続きください。https://sunrise-net-s.cms2.jp/contact_list/mac_application_add.html,,,False,物理アドレス（MACアドレス）と登録
FAQ-0123,,物理アドレス（MACアドレス）と登録,Physical Address (MAC Address) & Registration,基本的に5台まで登録可能です。6台目以降は1台につき月額220円（税込）で追加登録できます。同系統端末の登録は2台までとなります。,基本的に5台まで登録可能です。6台目以降は1台につき月額220円（税込）で追加登録できます。同系統端末の登録は2台までとなります。,,,False,物理アドレス（MACアドレス）と登録
FAQ-0124,,ネットワーク設定,Network Settings,ルーターが初期化される為SSIDが変更されます。プライマリSSID（例：aterm~~）を選択し、ルーター裏面に記載されているパスワードを入力してください。,ルーターが初期化される為SSIDが変更されます。プライマリSSID（例：aterm~~）を選択し、ルーター裏面に記載されているパスワードを入力してください。,,,False,ネットワーク設定
FAQ-0125,,ネットワーク設定,Network Settings,通常は自動取得で問題ありませんが、手動設定が必要な場合は、デバイスのネットワーク設定から「IPアドレスを手動で設定する」を選択し、必要な情報を入力します。,通常は自動取得で問題ありませんが、手動設定が必要な場合は、デバイスのネットワーク設定から「IPアドレスを手動で設定する」を選択し、必要な情報を入力します。,,,False,ネットワーク設定
FAQ-0126,,ネットワーク設定,Network Settings,デバイスのネットワーク設定から「DNSサーバーのアドレスを手動で設定する」を選択し、Sun-Netから提供されたDNSサーバーアドレスを入力してください。,デバイスのネットワーク設定から「DNSサーバーのアドレスを手動で設定する」を選択し、Sun-Netから提供されたDNSサーバーアドレスを入力してください。,,,False,ネットワーク設定
FAQ-0127,,ネットワーク設定,Network Settings,Sun-Netサービスでのまたは居住地域でのIPv6対応状況については、カスタマーサポートにお問い合わせください。利用可能な場合、設定方法をご案内いたします。,Sun-Netサービスでのまたは居住地域でのIPv6対応状況については、カスタマーサポートにお問い合わせください。利用可能な場合、設定方法をご案内いたします。,,,False,ネットワーク設定
FAQ-0128,,デバイス別の設定と問題解決,Device Specific Settings & Troubleshooting,スマートフォンのWi-Fi設定で「プライベートアドレス」や「ランダムMACアドレス」機能がONになっている場合、OFFにしてみてください。,スマートフォンのWi-Fi設定で「プライベートアドレス」や「ランダムMACアドレス」機能がONになっている場合、OFFにしてみてください。,,,False,デバイス別の設定と問題解決
FAQ-0129,,デバイス別の設定と問題解決,Device Specific Settings & Troubleshooting,ゲーム機の種類によって異なりますが、一般的にはネットワーク設定からWi-Fiを選択し、SSIDとパスワードを入力します。詳細な手順はガイドブックを参照してください。,ゲーム機の種類によって異なりますが、一般的にはネットワーク設定からWi-Fiを選択し、SSIDとパスワードを入力します。詳細な手順はガイドブックを参照してください。,,,False,デバイス別の設定と問題解決
FAQ-0130,,デバイス別の設定と問題解決,Device Specific Settings & Troubleshooting,セキュリティソフトの設定を確認し、必要に応じて一時的に無効にしてみてください。接続できた場合は、セキュリティソフトの設定を見直してください。,セキュリティソフトの設定を確認し、必要に応じて一時的に無効にしてみてください。接続できた場合は、セキュリティソフトの設定を見直してください。,,,False,デバイス別の設定と問題解決
FAQ-0131,,デバイス別の設定と問題解決,Device Specific Settings & Troubleshooting,スマートホーム機器の利用は可能です。ただし、セキュリティには十分注意し、各機器のセットアップ方法に従ってください。不明点はメーカーサポートにお問い合わせください。,スマートホーム機器の利用は可能です。ただし、セキュリティには十分注意し、各機器のセットアップ方法に従ってください。不明点はメーカーサポートにお問い合わせください。,,,False,デバイス別の設定と問題解決
FAQ-0132,,ネットワークのパフォーマンスと最適化,Network Performance & Optimization,Wi-Fi中継器やメッシュWi-Fiシステムの導入を検討してください。ただし、導入前にSun-Netサポートに相談することをおすすめします。,Wi-Fi中継器やメッシュWi-Fiシステムの導入を検討してください。ただし、導入前にSun-Netサポートに相談することをおすすめします。,,,False,ネットワークのパフォーマンスと最適化
FAQ-0133,,ネットワークのパフォーマンスと最適化,Network Performance & Optimization,オンラインの速度測定サービス（例：Speedtest.net）を利用できます。測定結果に疑問がある場合は、Sun-Netサポートにお問い合わせください。,オンラインの速度測定サービス（例：Speedtest.net）を利用できます。測定結果に疑問がある場合は、Sun-Netサポートにお問い合わせください。,,,False,ネットワークのパフォーマンスと最適化
FAQ-0134,,ネットワークのパフォーマンスと最適化,Network Performance & Optimization,ファームウェアの更新は、セキュリティや性能の向上のため重要です。定期的に確認し、更新することをお勧めします。更新方法はルーターの取扱説明書を参照してください。,ファームウェアの更新は、セキュリティや性能の向上のため重要です。定期的に確認し、更新することをお勧めします。更新方法はルーターの取扱説明書を参照してください。,,,False,ネットワークのパフォーマンスと最適化
FAQ-0135,,ネットワークのパフォーマンスと最適化,Network Performance & Optimization,デバイスの数が増えると、帯域幅が分散されるため速度が低下する可能性があります。重要なタスクを行う際は、他のデバイスの使用を控えることをお勧めします。,デバイスの数が増えると、帯域幅が分散されるため速度が低下する可能性があります。重要なタスクを行う際は、他のデバイスの使用を控えることをお勧めします。,,,False,ネットワークのパフォーマンスと最適化
FAQ-0136,,セキュリティとプライバシー,Security & Privacy,基本的には可能ですが、セキュリティのため、ゲスト用のWi-Fi設定を使用することをお勧めします。設定方法についてはSun-Netサポートにお問い合わせください。,基本的には可能ですが、セキュリティのため、ゲスト用のWi-Fi設定を使用することをお勧めします。設定方法についてはSun-Netサポートにお問い合わせください。,,,False,セキュリティとプライバシー
FAQ-0137,,セキュリティとプライバシー,Security & Privacy,VPNの使用自体は問題ありませんが、一部のVPNサービスはネットワークのパフォーマンスに影響を与える可能性があります。また、不正利用はお控えください。,VPNの使用自体は問題ありませんが、一部のVPNサービスはネットワークのパフォーマンスに影響を与える可能性があります。また、不正利用はお控えください。,,,False,セキュリティとプライバシー
FAQ-0138,,セキュリティとプライバシー,Security & Privacy,強力なWi-Fiパスワードの設定、ルーターのファームウェア更新、不要なポートの閉鎖、定期的なデバイスのセキュリティ更新を行ってください。,強力なWi-Fiパスワードの設定、ルーターのファームウェア更新、不要なポートの閉鎖、定期的なデバイスのセキュリティ更新を行ってください。,,,False,セキュリティとプライバシー
FAQ-0139,,Sun-Net光,Sun-Net Hikari,Sun-Netサービスでは通常、データ使用量に制限はありません。ただし、過度な使用や不正利用は避けてください。,Sun-Netサービスでは通常、データ使用量に制限はありません。ただし、過度な使用や不正利用は避けてください。,,,False,Sun-Net光
FAQ-0140,,Sun-Net光,Sun-Net Hikari,支払い方法の変更は可能です。Sun-Netカスタマーサポートに連絡し、希望する支払い方法をお伝えください。,支払い方法の変更は可能です。Sun-Netカスタマーサポートに連絡し、希望する支払い方法をお伝えください。,,,False,Sun-Net光
FAQ-0141,,Sun-Net光,Sun-Net Hikari,引っ越し先がSun-Netのサービス提供エリア内であれば、移転手続きが可能です。早めにSun-Netサポートに連絡して、必要な手続きを確認してください。,引っ越し先がSun-Netのサービス提供エリア内であれば、移転手続きが可能です。早めにSun-Netサポートに連絡して、必要な手続きを確認してください。,,,False,Sun-Net光
FAQ-0142,,Sun-Net光,Sun-Net Hikari,Sun-Netの公式ウェブサイトやSNSアカウントで最新の障害情報を確認できます。大規模な障害の場合は、メールでも通知されます。,Sun-Netの公式ウェブサイトやSNSアカウントで最新の障害情報を確認できます。大規模な障害の場合は、メールでも通知されます。,,,False,Sun-Net光
FAQ-0143,,Sun-Net光,Sun-Net Hikari,緊急の場合は、Sun-Netの公式ウェブサイトのヘルプセンターやFAQを参照してください。翌営業日にサポートに連絡することもできます。,緊急の場合は、Sun-Netの公式ウェブサイトのヘルプセンターやFAQを参照してください。翌営業日にサポートに連絡することもできます。,,,False,Sun-Net光
FAQ-0144,,Sun-Net光,Sun-Net Hikari,解約希望の場合は、Sun-Netカスタマーサポートに連絡してください。解約手続きや必要書類、機器の返却方法などについてご案内いたします。,解約希望の場合は、Sun-Netカスタマーサポートに連絡してください。解約手続きや必要書類、機器の返却方法などについてご案内いたします。,,,False,Sun-Net光
FAQ-0145,,SIMサービス,SIM Service,"Sun-Netサービスが学生寮全体で導入されている場合ご利用いただけます。ご自身の学生寮のご利用可否についてはお手数ですが下記までお問合せください。
フリーダイヤル：0120-336-326
メールアドレス：sales@sunrise-net.co.jp","Sun-Netサービスが学生寮全体で導入されている場合ご利用いただけます。ご自身の学生寮のご利用可否についてはお手数ですが下記までお問合せください。
フリーダイヤル：0120-336-326
メールアドレス：sales@sunrise-net.co.jp",,,False,SIMサービス
FAQ-0146,,SIMサービス,SIM Service,契約期間に空白がなければ2年目以降は継続でのご案内となります。継続の際の手数料は発生致しません。契約期間に空白がある場合は再入会扱いとなります。,契約期間に空白がなければ2年目以降は継続でのご案内となります。継続の際の手数料は発生致しません。契約期間に空白がある場合は再入会扱いとなります。,,,False,SIMサービス
FAQ-0147,,SIMサービス,SIM Service,1ヶ月単位でのご契約が可能です。ご都合のよい契約期間をお選びください。,1ヶ月単位でのご契約が可能です。ご都合のよい契約期間をお選びください。,,,False,SIMサービス
FAQ-0148,,SIMサービス,SIM Service,"お引越し先では引き続き『Sun-Net光』のご利用（プラン変更）が可能です。※一部建物を除く
以下ページをご確認ください。
http://www.sunrise-net.ne.jp/sunnethikari.html
プラン変更をされない場合は解約はご解約月の前月末日までに弊社ホームページよりお手続きが必要です。お電話やメールによる解約受付は行っておりません。解約金として月額料金相当の解約金が発生いたしますのでご了承ください。","お引越し先では引き続き『Sun-Net光』のご利用（プラン変更）が可能です。※一部建物を除く
以下ページをご確認ください。
http://www.sunrise-net.ne.jp/sunnethikari.html
プラン変更をされない場合は解約はご解約月の前月末日までに弊社ホームページよりお手続きが必要です。お電話やメールによる解約受付は行っておりません。解約金として月額料金相当の解約金が発生いたしますのでご了承ください。",,,False,SIMサービス
FAQ-0149,,SIMサービス,SIM Service,はい、可能です。但し購入プランの方がレンタルプランに比べて月額料金の設定を低くしておりますので今後のご利用予定期間と比較しご検討ください。ご希望の際はプラン変更フォームよりお手続きをおねがいします。※別途無線ルーターの送料が発生いたします。,はい、可能です。但し購入プランの方がレンタルプランに比べて月額料金の設定を低くしておりますので今後のご利用予定期間と比較しご検討ください。ご希望の際はプラン変更フォームよりお手続きをおねがいします。※別途無線ルーターの送料が発生いたします。,,,False,SIMサービス
FAQ-0150,,SIMサービス,SIM Service,無線ルータのご使用に関してシステム運営上、一律弊社ルータに限らせて頂いており、無線ルーターを含むお持ち込み機器の利用はご遠慮頂いております。,無線ルータのご使用に関してシステム運営上、一律弊社ルータに限らせて頂いており、無線ルーターを含むお持ち込み機器の利用はご遠慮頂いております。,,,False,SIMサービス
FAQ-0151,,SIM設定,SIM Settings,購入プランの方がレンタルプランに比べて月額利用料金を低く設定しています。継続して2年以上ご利用の予定がある場合は購入プランがおすすめです。尚、一部プランを除きいずれのプランにおいてもインターネット品質に大きな違いはありません。,購入プランの方がレンタルプランに比べて月額利用料金を低く設定しています。継続して2年以上ご利用の予定がある場合は購入プランがおすすめです。尚、一部プランを除きいずれのプランにおいてもインターネット品質に大きな違いはありません。,,,False,SIM設定
FAQ-0152,,SIM設定,SIM Settings,"ネットワーク機器等に付いている固有の識別番号です。有線LANのほかに、無線LANやスマートフォン、プリンターなどにもMACアドレスが割り当てられています。
MACアドレスは12桁の16進数で「00-00-00-XX-XX-XX」と表される。前半6桁がメーカー固有のアドレスで、後半6桁が製品個々のアドレスとなります。物理アドレスやWiFiアドレス等と表示される場合があります。","ネットワーク機器等に付いている固有の識別番号です。有線LANのほかに、無線LANやスマートフォン、プリンターなどにもMACアドレスが割り当てられています。
MACアドレスは12桁の16進数で「00-00-00-XX-XX-XX」と表される。前半6桁がメーカー固有のアドレスで、後半6桁が製品個々のアドレスとなります。物理アドレスやWiFiアドレス等と表示される場合があります。",,,False,SIM設定
FAQ-0153,,料金支払,Payment,LANケーブルを用いた接続方式です。一般的に無線接続に比べて通信や電波状況が安定しています。ご利用いただくにはLAN端子対応の機器及びMACアドレスの登録が必要です。未対応機器の場合有線LANアダプター（MACアドレスの登録が必要）を利用することにより接続が可能です。,LANケーブルを用いた接続方式です。一般的に無線接続に比べて通信や電波状況が安定しています。ご利用いただくにはLAN端子対応の機器及びMACアドレスの登録が必要です。未対応機器の場合有線LANアダプター（MACアドレスの登録が必要）を利用することにより接続が可能です。,,,False,料金支払
FAQ-0154,,料金支払,Payment,弊社システムの仕様上ご利用いただくことはできません。弊社から送られる指定の無線ルーターをご利用ください。,弊社システムの仕様上ご利用いただくことはできません。弊社から送られる指定の無線ルーターをご利用ください。,,,False,料金支払
FAQ-0155,,料金支払,Payment,WiFiプラス購入プランご加入の場合は可能です。無線ルーター代金及び送料のご請求となります。,WiFiプラス購入プランご加入の場合は可能です。無線ルーター代金及び送料のご請求となります。,,,False,料金支払
FAQ-0156,,料金支払,Payment,弊社からお送りする無線ルーターに付属のLANケーブルがついています。WiFi接続のみご利用の場合はご用意いただく必要はありません。有線LAN接続をご希望の場合や無線ルーターの設置場所を変更される場合はご用意ください。※弊社でもLANケーブルの販売を行っております。,弊社からお送りする無線ルーターに付属のLANケーブルがついています。WiFi接続のみご利用の場合はご用意いただく必要はありません。有線LAN接続をご希望の場合や無線ルーターの設置場所を変更される場合はご用意ください。※弊社でもLANケーブルの販売を行っております。,,,False,料金支払
FAQ-0157,,料金支払,Payment,"はい。お申込は可能です。ノートパソコンが届きましたらMACアドレスをお調べいただき下記フォームよりMACアドレス申請をおねがいします。
https://sunrise-net-s.cms2.jp/contact_list/mac_application_add.html","はい。お申込は可能です。ノートパソコンが届きましたらMACアドレスをお調べいただき下記フォームよりMACアドレス申請をおねがいします。
https://sunrise-net-s.cms2.jp/contact_list/mac_application_add.html",,,False,料金支払
FAQ-0158,,料金支払,Payment,はい。可能です。MACアドレスを物理アドレスやフィジカルアドレス（physical address）と呼ぶ場合もあります。又、端末によりMACアドレスの名称が異なる場合があります。IOSの場合はWiFiアドレス、Androidの場合はWiFiMACアドレスと表示されます。Windows製品とAPPLE製品でも名称が異なります。,はい。可能です。MACアドレスを物理アドレスやフィジカルアドレス（physical address）と呼ぶ場合もあります。又、端末によりMACアドレスの名称が異なる場合があります。IOSの場合はWiFiアドレス、Androidの場合はWiFiMACアドレスと表示されます。Windows製品とAPPLE製品でも名称が異なります。,,,False,料金支払
FAQ-0159,,クレジットカード,Credit Card,ご契約終了後1週間以内までにお願いします。契約終了期間前にご退寮・お引越し等ございましたら事前にご返却ください。,ご契約終了後1週間以内までにお願いします。契約終了期間前にご退寮・お引越し等ございましたら事前にご返却ください。,,,False,クレジットカード
FAQ-0160,,クレジットカード,Credit Card,まずは弊社までお問合せを頂きお早目にご返却ください。ご返却がない場合は無線ルーター相当額の弁償金の請求となりますのでご注意ください。,まずは弊社までお問合せを頂きお早目にご返却ください。ご返却がない場合は無線ルーター相当額の弁償金の請求となりますのでご注意ください。,,,False,クレジットカード
FAQ-0161,,クレジットカード,Credit Card,"■ご返却先

株式会社 サンライズ
〒103-0004 東京都中央区東日本橋2-14-1　DKK東日本橋ビル4F

無線ルータの箱又は袋の中に弊社住所印字済みの伝票がございましたら
そちらをお使いください。

伝票がない場合はお手数ですがお近くのコンビニエンス等で返却いただきますようお願い致します。
（※伝票のいずれかに会員ID番号をお書きください）
ご返却時の送料はお客様負担となりますのでご了承ください。","■ご返却先

株式会社 サンライズ
〒103-0004 東京都中央区東日本橋2-14-1　DKK東日本橋ビル4F

無線ルータの箱又は袋の中に弊社住所印字済みの伝票がございましたら
そちらをお使いください。

伝票がない場合はお手数ですがお近くのコンビニエンス等で返却いただきますようお願い致します。
（※伝票のいずれかに会員ID番号をお書きください）
ご返却時の送料はお客様負担となりますのでご了承ください。",,,False,クレジットカード
FAQ-0162,,,,弊社カスタマーサポートまでお問合せください。,弊社カスタマーサポートまでお問合せください。,,,False,カスタマーサポートと情報
FAQ-0163,,MACアドレス,,同系統端末の登録は2台までとなります。尚、契約者所有の端末のみ対象です。3台目以降の登録を希望される場合は別途誓約書をご提出いただきます。,同系統端末の登録は2台までとなります。尚、契約者所有の端末のみ対象です。3台目以降の登録を希望される場合は別途誓約書をご提出いただきます。,,,False,MACアドレス
FAQ-0164,,MACアドレス,,個人契約となり、ご利用は契約者が所有する端末に限ります。ご契約者以外の端末に関する登録及び利用はご遠慮いただいております。,個人契約となり、ご利用は契約者が所有する端末に限ります。ご契約者以外の端末に関する登録及び利用はご遠慮いただいております。,,,False,MACアドレス
FAQ-0165,,クレジットカード払い,Credit Card Payment,まずは1年間でお申込頂き、教育実習が決まるまでは最小単位でのご継続手続きをおすすめしております。尚、寮内ネットサービスに限り、大学公認での一時離寮で且つ弊社契約期間内に同じ寮に戻る予定がある場合は一時休止扱いが可能です。詳しくはカスタマーデスクまでお問合せください。,まずは1年間でお申込頂き、教育実習が決まるまでは最小単位でのご継続手続きをおすすめしております。尚、寮内ネットサービスに限り、大学公認での一時離寮で且つ弊社契約期間内に同じ寮に戻る予定がある場合は一時休止扱いが可能です。詳しくはカスタマーデスクまでお問合せください。,,,False,クレジットカード払い
FAQ-0166,,クレジットカード払い,Credit Card Payment,ご契約期間中となりますのでご利用料金として発生します。,ご契約期間中となりますのでご利用料金として発生します。,,,False,クレジットカード払い
FAQ-0167,,クレジットカード払い,Credit Card Payment,まずは短期契約期間にてお申込頂き、留学期間が決まるまでは最小単位でのご継続手続きをおすすめしております。尚、寮内ネットサービスに限り、大学公認の留学で且つ帰国後、弊社契約期間内に同じ寮に戻る予定がある場合は一時休止扱いが可能です。詳しくはカスタマーデスクまでお問合せください。,まずは短期契約期間にてお申込頂き、留学期間が決まるまでは最小単位でのご継続手続きをおすすめしております。尚、寮内ネットサービスに限り、大学公認の留学で且つ帰国後、弊社契約期間内に同じ寮に戻る予定がある場合は一時休止扱いが可能です。詳しくはカスタマーデスクまでお問合せください。,,,False,クレジットカード払い
FAQ-0168,,相部屋,Shared Room,ご契約中の方が同室にいるかご確認ください。無線ルーターは個人貸出となりますのでご契約者毎にそれぞれお使いください。その際分配に使用するHUBが必要な場合は弊社よりレンタル品としてお送りしますのでお問合せください。同室にご契約者がいない場合は、前契約者様がご返却されていない可能性がございますので、お手数ですが弊社までお問合せください。,ご契約中の方が同室にいるかご確認ください。無線ルーターは個人貸出となりますのでご契約者毎にそれぞれお使いください。その際分配に使用するHUBが必要な場合は弊社よりレンタル品としてお送りしますのでお問合せください。同室にご契約者がいない場合は、前契約者様がご返却されていない可能性がございますので、お手数ですが弊社までお問合せください。,,,False,相部屋
FAQ-0169,,相部屋,Shared Room,個人貸出となりますので、ご契約者様にてご返却ください。,個人貸出となりますので、ご契約者様にてご返却ください。,,,False,相部屋
FAQ-0170,,相部屋,Shared Room,分配に使用するHUBが必要な場合は弊社よりレンタル品としてお送りしますのでお問合せください。,分配に使用するHUBが必要な場合は弊社よりレンタル品としてお送りしますのでお問合せください。,,,False,相部屋
FAQ-0171,,エリア判定,Area Check,お引越し先のご住所をお伺いの上、建物のインターネット設備状況や開通工事発生の有無や開通可能日をお調べすることができます。まずはお気軽に弊社までお問合せください。,お引越し先のご住所をお伺いの上、建物のインターネット設備状況や開通工事発生の有無や開通可能日をお調べすることができます。まずはお気軽に弊社までお問合せください。,,,False,エリア判定
FAQ-0172,,,,サービスの一時停止は可能ですが停止期間中においてもインターネット利用料金は発生します。Sun-Net光サービスお申込前に今後のご予定について弊社までご相談ください。,サービスの一時停止は可能ですが停止期間中においてもインターネット利用料金は発生します。Sun-Net光サービスお申込前に今後のご予定について弊社までご相談ください。,,,False,
FAQ-0173,,,,まずはお住まいのご住所にてシステム確認を行います。オーナー様への許可に関しては建物によりまちまちではありますが弊社で開通までのご連絡をとる場合もございますのでまずはお気軽にご相談ください。※建物の構造やオーナー様のご意向、NTTサービスの地域的な問題等によりご提供できない場合がございます。,まずはお住まいのご住所にてシステム確認を行います。オーナー様への許可に関しては建物によりまちまちではありますが弊社で開通までのご連絡をとる場合もございますのでまずはお気軽にご相談ください。※建物の構造やオーナー様のご意向、NTTサービスの地域的な問題等によりご提供できない場合がございます。,,,False,
FAQ-0174,,SIMサービス,SIM Service,"●NTT東、西日本が提供する光回線をご契約中の場合→転用手続きによりご利用が可能です。
●他社光コラボレーション事業者の光回線をご利用の場合→事業者変更手続きによりご利用が可能です。
※プロバイダ契約については上記手続きによる切替ができませんのでお客様ご自身で解約手続きを行っていただく必要があります。
※NTT東、西または光コラボレーション事業者が提供する光回線以外のサービスをご利用中の場合は、新規申込としてSun-Net光のご提供となります。","●NTT東、西日本が提供する光回線をご契約中の場合→転用手続きによりご利用が可能です。
●他社光コラボレーション事業者の光回線をご利用の場合→事業者変更手続きによりご利用が可能です。
※プロバイダ契約については上記手続きによる切替ができませんのでお客様ご自身で解約手続きを行っていただく必要があります。
※NTT東、西または光コラボレーション事業者が提供する光回線以外のサービスをご利用中の場合は、新規申込としてSun-Net光のご提供となります。",,,False,SIMサービス
FAQ-0175,,,,Sun-Net光は、回線契約とプロバイダ契約をセットにしたサービスですので別途プロバイダ契約を行う必要はありません。,Sun-Net光は、回線契約とプロバイダ契約をセットにしたサービスですので別途プロバイダ契約を行う必要はありません。,,,False,
FAQ-0176,,,,"NTT東西の提供エリアにより違いがあります。同一エリア内でのお引越しの場合は移転手続きを行うことで引き続きご利用可能です。
・光引越事務手数料・・・3,300円
・光引越時工事費用・・・4,950円
お引越し先の建物構造等によりご提供できない場合もありますのでご了承ください。
尚、NTT西エリアから東エリアへとエリアをまたぐお引越しの場合はご解約手続きおよび新規回線申込が必要です。詳細につきましてはお手数ですが下記までお問合せください。

フリーダイヤル：0120-336-326
メールアドレス：sales@sunrise-net.co.jp","NTT東西の提供エリアにより違いがあります。同一エリア内でのお引越しの場合は移転手続きを行うことで引き続きご利用可能です。
・光引越事務手数料・・・3,300円
・光引越時工事費用・・・4,950円
お引越し先の建物構造等によりご提供できない場合もありますのでご了承ください。
尚、NTT西エリアから東エリアへとエリアをまたぐお引越しの場合はご解約手続きおよび新規回線申込が必要です。詳細につきましてはお手数ですが下記までお問合せください。

フリーダイヤル：0120-336-326
メールアドレス：sales@sunrise-net.co.jp",,,False,
FAQ-0177,,Sun-Net光,Sun-Net Hikari,Sun-Net光サービスではMACアドレスの申請は必要ありません。ご利用においては個人所有端末等の制限なくご自由に接続可能です。,Sun-Net光サービスではMACアドレスの申請は必要ありません。ご利用においては個人所有端末等の制限なくご自由に接続可能です。,,,False,Sun-Net光
FAQ-0178,,Sun-Net光,Sun-Net Hikari,Sun-Net光では利用台数の制限はありません。但し一般的には同時にインターネット接続をする端末が多いほど速度は遅くなりますのでご注意ください。毎月の通信量上限は設けておらず使い放題のサービスです。,Sun-Net光では利用台数の制限はありません。但し一般的には同時にインターネット接続をする端末が多いほど速度は遅くなりますのでご注意ください。毎月の通信量上限は設けておらず使い放題のサービスです。,,,False,Sun-Net光
FAQ-0179,,接続の基本とトラブルシューティング,Basic Connection & Troubleshooting,毎月200円（税抜）/220円（税込）の料金にてレンタル可能です。尚、光回線ご利用にあたってはレンタル無線ルーターの初期化及び設定を行う必要があります。,毎月200円（税抜）/220円（税込）の料金にてレンタル可能です。尚、光回線ご利用にあたってはレンタル無線ルーターの初期化及び設定を行う必要があります。,,,False,接続の基本とトラブルシューティング
FAQ-0180,,Sun-Net光,Sun-Net Hikari,はい、ご利用可能です。光回線ご利用にあたっては無線ルーターの初期化及び設定を行う必要があります。,はい、ご利用可能です。光回線ご利用にあたっては無線ルーターの初期化及び設定を行う必要があります。,,,False,Sun-Net光
FAQ-0181,,Sun-Net光,Sun-Net Hikari,弊社指定無線ルーター以外のご利用も可能でございますが、設定についてはお客様ご自身で行っていただきます。無線ルーターの設定サポートについては弊社では対応できかねますので各メーカーにお問い合わせください。,弊社指定無線ルーター以外のご利用も可能でございますが、設定についてはお客様ご自身で行っていただきます。無線ルーターの設定サポートについては弊社では対応できかねますので各メーカーにお問い合わせください。,,,False,Sun-Net光
FAQ-0182,,,,建物の設備として高品質のインターネットが備わっているのであれば居室でのインターネット利用においては弊社サービスへの変更はおすすめいたしません。引越し先での生活がスタートした後、インターネットの速度等にご不満がありましたらSun-Net光への切り替えをおすすめいたします。,建物の設備として高品質のインターネットが備わっているのであれば居室でのインターネット利用においては弊社サービスへの変更はおすすめいたしません。引越し先での生活がスタートした後、インターネットの速度等にご不満がありましたらSun-Net光への切り替えをおすすめいたします。,,,False,
FAQ-0183,,SIM設定,SIM Settings,ご利用いただけます。ただしNTT DOCOMOの端末ではテザリング機能を利用出来ない場合がありますのでご注意ください。,ご利用いただけます。ただしNTT DOCOMOの端末ではテザリング機能を利用出来ない場合がありますのでご注意ください。,,,False,SIM設定
FAQ-0184,,SIMサービス,SIM Service,"弊社まで必ずお問合せください。利用停止の処理を行います。
併せて警察機関へ紛失・盗難の届け出をお願いします。
SIMカード（端末等）を拾った第三者からの不正利用を防止する為お客さまご自身で端末ロックをお願いします。
なお、利用停止後にSIMカードを再発行します。停止中の月額料金についても請求対象です。※カードの再発行費用及び送料を別途請求します。","弊社まで必ずお問合せください。利用停止の処理を行います。
併せて警察機関へ紛失・盗難の届け出をお願いします。
SIMカード（端末等）を拾った第三者からの不正利用を防止する為お客さまご自身で端末ロックをお願いします。
なお、利用停止後にSIMカードを再発行します。停止中の月額料金についても請求対象です。※カードの再発行費用及び送料を別途請求します。",,,False,SIMサービス
FAQ-0185,,SIM設定,SIM Settings,お客様ご自身でロック解除の手続きをお願いします。,お客様ご自身でロック解除の手続きをお願いします。,,,False,SIM設定
FAQ-0186,,SIMサービス,SIM Service,2つのサービスの契約期間が異なる場合は各サービス毎にお申込ください。毎月払いでは複数サービスを合算したご請求となります。尚、中途解約の際はそれぞれのサービスにて1ヶ月前の連絡が必要です。,2つのサービスの契約期間が異なる場合は各サービス毎にお申込ください。毎月払いでは複数サービスを合算したご請求となります。尚、中途解約の際はそれぞれのサービスにて1ヶ月前の連絡が必要です。,,,False,SIMサービス
FAQ-0187,,SIMサービス,SIM Service,できません。日本国内のみのサービスです。,できません。日本国内のみのサービスです。,,,False,SIMサービス
FAQ-0188,,接続の基本とトラブルシューティング,Basic Connection & Troubleshooting,LTEベストエフォート下り150Mbps(上り50Mbps)になります。通信制限は1ヶ月制限になります。容量を超えた後は速度制限がかかり当月末までの通信速度が最大200kbpsまで低下します。,LTEベストエフォート下り150Mbps(上り50Mbps)になります。通信制限は1ヶ月制限になります。容量を超えた後は速度制限がかかり当月末までの通信速度が最大200kbpsまで低下します。,,,False,接続の基本とトラブルシューティング
FAQ-0189,,SMS,SMS,SMS機能付きSIMカード及び音声SIMカードは利用することはできます。データ通信のみのSIMカードではSMSは利用できません。一定回数・量以上の国内SMSは有料となる場合があります。また国際SMSに関する送信・受信についても一部有料となります。詳しくは希望するSIMプランの説明をご確認ください。,SMS機能付きSIMカード及び音声SIMカードは利用することはできます。データ通信のみのSIMカードではSMSは利用できません。一定回数・量以上の国内SMSは有料となる場合があります。また国際SMSに関する送信・受信についても一部有料となります。詳しくは希望するSIMプランの説明をご確認ください。,,,False,SMS
FAQ-0190,,SIMサービス,SIM Service,容量変更手数料として605円発生します。月に1度のみ変更が可能です。適用は変更希望月の翌月からとなります。※一部容量の変更ができないタイプのSIMプランもございます。,容量変更手数料として605円発生します。月に1度のみ変更が可能です。適用は変更希望月の翌月からとなります。※一部容量の変更ができないタイプのSIMプランもございます。,,,False,SIMサービス
FAQ-0191,,SIMサービス,SIM Service,速度が最大200kpbsまで落ちますがご利用は可能です。但し動画視聴など様々なコンテンツは快適にご利用いただけなくなります。,速度が最大200kpbsまで落ちますがご利用は可能です。但し動画視聴など様々なコンテンツは快適にご利用いただけなくなります。,,,False,SIMサービス
FAQ-0192,,SIM設定,SIM Settings,E-SIMによる提供プランはございません。E-SIMのみ利用可能な端末ではSun-NetのSIMカードを利用することはできません。,E-SIMによる提供プランはございません。E-SIMのみ利用可能な端末ではSun-NetのSIMカードを利用することはできません。,,,False,SIM設定
FAQ-0193,,SIMサービス,SIM Service,"■SIMロック解除状況の確認手段（IOS14以降）

?『設定』アイコン→『一般』→『情報』の順にタップ

?ページ中部の「SIMロック」欄を確認

“SIMロックなし“と表示されているか確認してください。

SIMロックと表示されている場合はSun-NetのSIMカードを利用することはできません。ご利用にあたってはご契約中の通信会社へのSIMロック解除申請が必要です。

また、SIMカード挿入後に表示されたメッセージで確認することができます。

「SIMがロックされています」
「アクティベーションが必要です」
「このiPhoneに挿入したSIMカードはサポートされていないようです。iPhoneをアクティベーションするには、サポートされている電話会社の互換性のあるSIMカードしか使用することはできません。」","■SIMロック解除状況の確認手段（IOS14以降）

?『設定』アイコン→『一般』→『情報』の順にタップ

?ページ中部の「SIMロック」欄を確認

“SIMロックなし“と表示されているか確認してください。

SIMロックと表示されている場合はSun-NetのSIMカードを利用することはできません。ご利用にあたってはご契約中の通信会社へのSIMロック解除申請が必要です。

また、SIMカード挿入後に表示されたメッセージで確認することができます。

「SIMがロックされています」
「アクティベーションが必要です」
「このiPhoneに挿入したSIMカードはサポートされていないようです。iPhoneをアクティベーションするには、サポートされている電話会社の互換性のあるSIMカードしか使用することはできません。」",,,False,SIMサービス
FAQ-0194,,SIMサービス,SIM Service,"Androidスマートフォンの場合、機種によってSIMロックが解除されているかを確認する方法はまちまちです。

『設定』『デバイス情報（端末情報）』『SIMカードステータス』『SIMロックステータス』

『許可されています』→ロックが解除されています。

上記の方法で、SIMロックステータスが確認できない場合は、ご購入の販売店やご契約の通信事業者にご確認ください。","Androidスマートフォンの場合、機種によってSIMロックが解除されているかを確認する方法はまちまちです。

『設定』『デバイス情報（端末情報）』『SIMカードステータス』『SIMロックステータス』

『許可されています』→ロックが解除されています。

上記の方法で、SIMロックステータスが確認できない場合は、ご購入の販売店やご契約の通信事業者にご確認ください。",,,False,SIMサービス
FAQ-0195,,料金支払,Payment,"以下、いずれかの金融機関宛てにお願いします。
※お振込み時にご自身の会員ID番号をご入力ください。

1.ゆうちょ銀行（Japan Post Bank）
　口座記号番号　00150-3-611077
　加入者名	株式会社サンライズ

2.三菱UFJ銀行/0005（Mitsubishi UFJ bank）
　浅草橋支店/069（Asakusabashi Branch）
　普通預金
　口座番号　0912502
　口座名義　株式会社サンライズ

3.りそな銀行/0010（Resona bank）
　秋葉原支店/275（Akihabara Branch）
　普通預金
　口座番号　2069388
　口座名義　株式会社サンライズ","以下、いずれかの金融機関宛てにお願いします。
※お振込み時にご自身の会員ID番号をご入力ください。

1.ゆうちょ銀行（Japan Post Bank）
　口座記号番号　00150-3-611077
　加入者名	株式会社サンライズ

2.三菱UFJ銀行/0005（Mitsubishi UFJ bank）
　浅草橋支店/069（Asakusabashi Branch）
　普通預金
　口座番号　0912502
　口座名義　株式会社サンライズ

3.りそな銀行/0010（Resona bank）
　秋葉原支店/275（Akihabara Branch）
　普通預金
　口座番号　2069388
　口座名義　株式会社サンライズ",,,False,料金支払
FAQ-0196,,払込票払い,Payment Slip,期日が過ぎてもお支払いは可能です。但し督促料金が発生している場合は追加のお支払いが必要です。詳しくは弊社カスタマーサポートデスクまでお問い合わせください。,期日が過ぎてもお支払いは可能です。但し督促料金が発生している場合は追加のお支払いが必要です。詳しくは弊社カスタマーサポートデスクまでお問い合わせください。,,,False,払込票払い
FAQ-0197,,クレジットカード払い,Credit Card Payment,"お申込み情報到着後1週間以内に指定のメールアドレス宛に届きます。アクセス有効期限がありますので期限内の手続きをお願いします。期限切れの際は弊社までお問合せください。

クレジット支払手続きのメールは株式会社ゼウス（https://www.cardservice.co.jp/）のシステムを通じて配信されます。

●件名：[ZEUS]お支払手続きご案内メール
●差出人：mailinfo@cardservice.co.jp","お申込み情報到着後1週間以内に指定のメールアドレス宛に届きます。アクセス有効期限がありますので期限内の手続きをお願いします。期限切れの際は弊社までお問合せください。

クレジット支払手続きのメールは株式会社ゼウス（https://www.cardservice.co.jp/）のシステムを通じて配信されます。

●件名：[ZEUS]お支払手続きご案内メール
●差出人：mailinfo@cardservice.co.jp",,,False,クレジットカード払い
FAQ-0198,,クレジットカード,Credit Card,領収書の発行には対応しておりません。カード会社発行の明細にてご確認をお願いします。,領収書の発行には対応しておりません。カード会社発行の明細にてご確認をお願いします。,,,False,クレジットカード
FAQ-0199,,クレジットカード,Credit Card,再度こちらからクレジット情報を入力して頂くURLをメールでお送り致します。⇒info@sunrise-net.co.jpまでクレジットURL希望・名前をご記入の上メールをお願いします,再度こちらからクレジット情報を入力して頂くURLをメールでお送り致します。⇒info@sunrise-net.co.jpまでクレジットURL希望・名前をご記入の上メールをお願いします,,,False,クレジットカード
FAQ-0200,,クレジットカード,Credit Card,毎月10日前後です。但し決済システムによる都合や年末年始、GWなど長期休暇及び長期祝日の際は変更する場合がございますのでご了承ください。,毎月10日前後です。但し決済システムによる都合や年末年始、GWなど長期休暇及び長期祝日の際は変更する場合がございますのでご了承ください。,,,False,クレジットカード
FAQ-0201,,口座振替,Bank Transfer,再引き落とし（再振替）は受付しておりません。支払い期日までにお振込みいただくようおねがいします。,再引き落とし（再振替）は受付しておりません。支払い期日までにお振込みいただくようおねがいします。,,,False,口座振替
FAQ-0202,,口座振替,Bank Transfer,毎月28日です。28日が土・日や祝日の際は翌金融機関営業日が引落日となります。前営業日までに引落金額以上の口座残高となるようご留意ください。,毎月28日です。28日が土・日や祝日の際は翌金融機関営業日が引落日となります。前営業日までに引落金額以上の口座残高となるようご留意ください。,,,False,口座振替
FAQ-0203,,料金支払,Payment,お申込時に実家請求希望欄にチェックをお願い致します。,お申込時に実家請求希望欄にチェックをお願い致します。,,,False,料金支払
FAQ-0204,,料金支払,Payment,コンビニエンスストアでのお支払いには対応しておりません。コンビニエンスストア設置のATMからのお支払い操作をおねがいします。,コンビニエンスストアでのお支払いには対応しておりません。コンビニエンスストア設置のATMからのお支払い操作をおねがいします。,,,False,料金支払
FAQ-0205,,変更手続き,Change Procedures,はい。親権者又は代理人の口座であれば可能でございます。口座振替依頼書下部に契約者情報を記入の上お手続きください。,はい。親権者又は代理人の口座であれば可能でございます。口座振替依頼書下部に契約者情報を記入の上お手続きください。,,,False,変更手続き
FAQ-0206,,料金支払,Payment,はい。親権者又は代理人のクレジットカードであれば可能でございます。,はい。親権者又は代理人のクレジットカードであれば可能でございます。,,,False,料金支払
FAQ-0207,,,,いいえ。指定することができません。日本国内の金融機関の口座をご指定ください。,いいえ。指定することができません。日本国内の金融機関の口座をご指定ください。,,,False,
FAQ-0208,,,,Visa、Mastercard、JCB、American Express、Diners Clubの国際ブランドに対応しています。,Visa、Mastercard、JCB、American Express、Diners Clubの国際ブランドに対応しています。,,,False,
FAQ-0209,,,,カード発行会社や諸条件によりお使いいただけない場合がございます。詳しくはお客様のカード発行会社までお尋ねください。,カード発行会社や諸条件によりお使いいただけない場合がございます。詳しくはお客様のカード発行会社までお尋ねください。,,,False,
FAQ-0210,,払込票払い,Payment Slip,"＜ゆうちょ銀行ATMでの方法＞

---払込取扱票での送金の場合---
1.「ご送金」を選択します。
2.「払込書でのご送金」を選択します。
3.「払込書」を入れます。払込書に住所氏名、会員IDをご記入の上、払込書を入れてください。

---ゆうちょ口座間での送金の場合---
1.「ゆうちょ口座へのご送金」を選択します。
2.「通帳、またはカード」を入れます。
3.「記号番号」を選択します。
4. 記号に「00150-3」を入力します。
5. 番号に「611077」を入力します。
6. 金額を入力してください。
7. 最後に確認を押せば手続きは完了します。","＜ゆうちょ銀行ATMでの方法＞

---払込取扱票での送金の場合---
1.「ご送金」を選択します。
2.「払込書でのご送金」を選択します。
3.「払込書」を入れます。払込書に住所氏名、会員IDをご記入の上、払込書を入れてください。

---ゆうちょ口座間での送金の場合---
1.「ゆうちょ口座へのご送金」を選択します。
2.「通帳、またはカード」を入れます。
3.「記号番号」を選択します。
4. 記号に「00150-3」を入力します。
5. 番号に「611077」を入力します。
6. 金額を入力してください。
7. 最後に確認を押せば手続きは完了します。",,,False,払込票払い
FAQ-0211,,口座振替,Bank Transfer,口座開設時にサインを必要としたネット銀行の場合は捺印欄にサインをおねがいします。捺印・サインなしで口座開設された場合は不要です。詳しくはネット銀行側にお問合せください。,口座開設時にサインを必要としたネット銀行の場合は捺印欄にサインをおねがいします。捺印・サインなしで口座開設された場合は不要です。詳しくはネット銀行側にお問合せください。,,,False,口座振替
FAQ-0212,,口座振替,Bank Transfer,"再提出のご案内書類にて不備理由が明記されています。よくある不備内容は以下の項目です。

・お届け印のもれ、相違、不鮮明
・他人名義口座記入
・預金者名の字体相違、フリガナもれ
・金融機関名・支店名・口座番号の相違
・口座番号不明瞭
・インターネットバンキング手続きの登録未完了

※記入内容を間違えた場合は、二重線で訂正を入れお届け印を押してください。
※ご印鑑は鮮明に確認がとれる状態に押印ください。不鮮明（にじみ、かすみ等）であれば枠外に追加で押印ください。","再提出のご案内書類にて不備理由が明記されています。よくある不備内容は以下の項目です。

・お届け印のもれ、相違、不鮮明
・他人名義口座記入
・預金者名の字体相違、フリガナもれ
・金融機関名・支店名・口座番号の相違
・口座番号不明瞭
・インターネットバンキング手続きの登録未完了

※記入内容を間違えた場合は、二重線で訂正を入れお届け印を押してください。
※ご印鑑は鮮明に確認がとれる状態に押印ください。不鮮明（にじみ、かすみ等）であれば枠外に追加で押印ください。",,,False,口座振替
FAQ-0213,,口座振替,Bank Transfer,"Sun-NetHP内の『お申込・各種お手続き』ページ内の『【会員様向け】口座振替依頼書ダウンロード』をご利用ください。
http://www.sunrise-net.ne.jp/contact_list.html
印刷し、必要事項に記入・捺印の上、お客様保管用の複写を取った上で弊社までご郵送ください。
郵送での発送をご希望の場合は書類再送費用として220円をご請求いたします。郵送希望のお客様は下記メールアドレス宛に、お問合せください。
info@sunrise-net.co.jp　","Sun-NetHP内の『お申込・各種お手続き』ページ内の『【会員様向け】口座振替依頼書ダウンロード』をご利用ください。
http://www.sunrise-net.ne.jp/contact_list.html
印刷し、必要事項に記入・捺印の上、お客様保管用の複写を取った上で弊社までご郵送ください。
郵送での発送をご希望の場合は書類再送費用として220円をご請求いたします。郵送希望のお客様は下記メールアドレス宛に、お問合せください。
info@sunrise-net.co.jp　",,,False,口座振替
FAQ-0214,,変更手続き,Change Procedures,各種お手続きページ内の『変更申請（お客様情報/契約プラン）』よりお手続きをお願いします。https://sunrise-net-s.cms2.jp/contact_list/alteration.html,各種お手続きページ内の『変更申請（お客様情報/契約プラン）』よりお手続きをお願いします。https://sunrise-net-s.cms2.jp/contact_list/alteration.html,,,False,変更手続き
FAQ-0215,,変更手続き,Change Procedures,"下記『お部屋番号変更フォーム』よりお手続きをお願いします。
https://sunrise-net-s.cms2.jp/changeroom.html","下記『お部屋番号変更フォーム』よりお手続きをお願いします。
https://sunrise-net-s.cms2.jp/changeroom.html",,,False,変更手続き
FAQ-0216,,トラブルシューティング,Troubleshooting,"【iPhoneの場合】
”プライベートアドレス設定”を「オフ」してください。
※プライベートアドレス設定が
不明な場合は下記サイトを参考にしてください。
https://support.apple.com/ja-jp/guide/iphone/iph6b324bb33/ios

【android端末の場合】
※android10に関してですが、初期設定でMACアドレスが1つのアドレスに固定されていない設定になっております。
インターネットに接続するためには、固定MACアドレスに設定していただく必要がございますので、
以下の手順で設定をお願いいたします。

1）「設定」をタップ
2）「ネットワークとインターネット」をタップ
3）「WI-FI」をタップ
4）現在使用しているWIFIをタップ
5）「詳細設定」をタップ
6）「プライバシー」をタップ
7）”ランダムなMACを使用する”から、”デバイスのMACを使用する”に変更
8）「保存」をタップ","【iPhoneの場合】
”プライベートアドレス設定”を「オフ」してください。
※プライベートアドレス設定が
不明な場合は下記サイトを参考にしてください。
https://support.apple.com/ja-jp/guide/iphone/iph6b324bb33/ios

【android端末の場合】
※android10に関してですが、初期設定でMACアドレスが1つのアドレスに固定されていない設定になっております。
インターネットに接続するためには、固定MACアドレスに設定していただく必要がございますので、
以下の手順で設定をお願いいたします。

1）「設定」をタップ
2）「ネットワークとインターネット」をタップ
3）「WI-FI」をタップ
4）現在使用しているWIFIをタップ
5）「詳細設定」をタップ
6）「プライバシー」をタップ
7）”ランダムなMACを使用する”から、”デバイスのMACを使用する”に変更
8）「保存」をタップ",,,False,トラブルシューティング
FAQ-0217,,,,"弊社のインターネットに接続するためには、固定MACアドレスに設定していただく必要がございます。 
以下の手順で設定をお願いいたします。

1）「設定」　をクリック
2）「ネットワークとインターネット」　をクリック
3）「WI-FI」　をクリック
4）「ランダムなハードウェアアドレスを使う」をスイッチをクリックし、オフにします。","弊社のインターネットに接続するためには、固定MACアドレスに設定していただく必要がございます。 
以下の手順で設定をお願いいたします。

1）「設定」　をクリック
2）「ネットワークとインターネット」　をクリック
3）「WI-FI」　をクリック
4）「ランダムなハードウェアアドレスを使う」をスイッチをクリックし、オフにします。",,,False,
FAQ-0218,,無線ルーター|LANケーブル|MACアドレス|契約期間|寮内ネット,Router|Cable|MAC|Contract|Dorm Net,"1)契約期間内ですか？ご契約期間終了後はインターネットの利用ができません。
2)端末のMACアドレスの申請はお済ですか？申請がない場合インターネットのご利用はできません。
3)無線ルーターは正しく設置されていますか？LANケーブルがしっかり刺さっているかどうか確認しましょう。","1)契約期間内ですか？ご契約期間終了後はインターネットの利用ができません。
2)端末のMACアドレスの申請はお済ですか？申請がない場合インターネットのご利用はできません。
3)無線ルーターは正しく設置されていますか？LANケーブルがしっかり刺さっているかどうか確認しましょう。",,,False,無線ルーター|LANケーブル|MACアドレス|契約期間|寮内ネット
FAQ-0219,,SIM設定,SIM Settings,"ご入力時の不要なスペースや大文字・小文字の入力違いはございませんか？今一度ご確認をおねがいします。
http://www.sunrise-net.ne.jp/service/simapnsettings.html
解決しない場合は弊社カスタマーデスクまでお問合せください。","ご入力時の不要なスペースや大文字・小文字の入力違いはございませんか？今一度ご確認をおねがいします。
http://www.sunrise-net.ne.jp/service/simapnsettings.html
解決しない場合は弊社カスタマーデスクまでお問合せください。",,,False,SIM設定
FAQ-0220,,SIMサービス,SIM Service,再発行になりますので、新たに発行費用と送料が必要です。,再発行になりますので、新たに発行費用と送料が必要です。,,,False,SIMサービス
FAQ-0221,,MACアドレス|寮内ネット|iphone|ipad,MAC|Dorm Net|iPhone|iPad,"1. ホーム画面で「設定」アプリを開きます。
2. 「一般」をタップします。
3. 「情報」を選択します。
4. 「Wi-Fiアドレス」の横に表示されている値が、iPhoneの物理アドレス（MACアドレス）です。","1. ホーム画面で「設定」アプリを開きます。
2. 「一般」をタップします。
3. 「情報」を選択します。
4. 「Wi-Fiアドレス」の横に表示されている値が、iPhoneの物理アドレス（MACアドレス）です。",,,False,MACアドレス|寮内ネット|iphone|ipad
FAQ-0222,,MACアドレス|寮内ネット|Android,MAC|Dorm Net|Android,"※AndroidはOSのバージョンやメーカーよって表示手順が異なります。詳しくはインターネット検索にてお調べください
1.端末のWiFiを「有効」にします。
2. ホーム画面で「設定」アプリを開きます。
3. 「端末情報」を選択します。
4. 「端末の状態」をタップします。
5. 「WiFi-MACアドレス」が、Androidデバイスの物理アドレス（MACアドレス）です。","※AndroidはOSのバージョンやメーカーよって表示手順が異なります。詳しくはインターネット検索にてお調べください
1.端末のWiFiを「有効」にします。
2. ホーム画面で「設定」アプリを開きます。
3. 「端末情報」を選択します。
4. 「端末の状態」をタップします。
5. 「WiFi-MACアドレス」が、Androidデバイスの物理アドレス（MACアドレス）です。",,,False,MACアドレス|寮内ネット|Android
